년도,월,일,시간,유속(cm/s),유향(16points),유향(deg),수온(℃),염분(PSU),유의파고(m),유의파주기(sec),최대파고(m),최대파주기(sec),풍속(m/s),풍향(16points),풍향(deg),기온(℃),기압(hPa),시정(m)
2016,8,1,0,10.1,북북동,21,20.35,20.4,0.23,3.8,0.3,4,1.5,동,86,26.3,1011,-
2016,8,1,1,13.3,서,263,19.13,20.64,0.17,3.7,0.31,3.5,0.7,남남서,201,23.8,1010.5,-
2016,8,1,2,41.9,서남서,249,19.19,20.38,0.17,3.5,0.23,4,0.1,남서,216,24.2,1010,-
2016,8,1,3,48.8,서남서,252,19.89,20.19,0.13,3.8,0.23,5,0,북,0,24.5,1009.9,-
2016,8,1,4,21.2,북북서,331,22.38,19.88,0.16,4.2,0.23,5.5,0,남,173,24.3,1009.9,-
2016,8,1,5,28.7,북북동,17,23.58,19.65,0.18,4.2,0.25,3.5,0.4,북북동,12,24.7,1010.1,-
2016,8,1,6,27.5,북북동,12,23.7,19.21,0.13,4.4,0.19,5.5,0.1,북,7,25.2,1010.3,-
2016,8,1,7,7.5,북서,312,23.07,19.03,0.17,3.9,0.23,3,1.2,동,98,25.9,1010.4,-
2016,8,1,8,6.9,남서,227,23.03,18.9,0.18,3.7,0.27,3,2.1,동남동,105,25.9,1010.7,-
2016,8,1,9,5,남,176,23.36,18.84,0.16,4.1,0.26,3,1.7,동,84,26.6,1010.9,-
2016,8,1,10,10.9,동남동,112,22.34,18.97,0.15,3.6,0.23,3,2.3,동북동,60,26.7,1010.8,-
2016,8,1,11,5.3,서,268,23.48,18.92,0.19,3.9,0.26,5,1.6,동남동,118,27.3,1010.5,-
2016,8,1,12,14.9,서북서,292,23.4,18.62,0.21,3.7,0.27,3,0,서남서,255,28,1010,-
2016,8,1,13,16.2,서,278,23.2,18.98,0.18,3.8,0.27,3.5,0,서남서,241,27.7,1009.5,-
2016,8,1,14,35.9,서남서,248,21.61,18.85,0.16,3.4,0.24,3.5,1.5,동북동,65,27.5,1009.1,-
2016,8,1,15,41.7,서남서,246,21.69,19,0.18,3.5,0.23,3,0.4,동북동,64,27.3,1008.8,-
2016,8,1,16,17,남서,225,21.14,18.8,0.21,3.8,0.3,3,0.2,동,98,27.4,1008.8,-
2016,8,1,17,22,남서,236,22.49,18.6,0.23,3.5,0.34,3,1.3,북북동,29,27.4,1009.5,-
2016,8,1,18,23.7,서,264,22.05,18.18,0.21,4.6,0.28,5,2.6,서북서,296,24.5,1009.1,-
2016,8,1,19,13.1,서남서,239,23.01,18.16,0.31,3.7,0.45,6,0.5,동북동,77,25.6,1008.6,-
2016,8,1,20,9.4,북서,324,24.52,18.92,0.21,3,0.3,3,2,북서,326,25.3,1008.8,-
2016,8,1,21,-,-,-,-,-,-,-,-,-,-,-,-,-,-,-
2016,8,1,22,26.5,동,86,23.05,18.83,0.19,3.1,0.36,3,1,남동,133,24.9,1009.7,-
2016,8,1,23,28.1,동남동,112,22.12,18.64,0.14,4.5,0.2,3.5,1,서북서,295,24.2,1009.7,-
2016,8,2,0,14.7,동북동,60,21.01,18.74,0.14,3.4,0.23,3.5,0.2,남,174,23.9,1009.8,-
2016,8,2,1,13.6,북,7,21.64,18.67,0.18,3.3,0.24,3.5,0.7,동북동,68,24.4,1009.4,-
2016,8,2,2,33.5,서남서,256,22.65,18.65,0.15,3.3,0.28,3,0,동,97,24,1009.3,-
2016,8,2,3,34.3,남서,235,21.19,18.9,0.13,3.4,0.18,2.5,0.1,동,91,23.6,1009.1,-
2016,8,2,4,55.9,서남서,249,21.43,18.95,0.11,4.3,0.17,3.5,2,동남동,102,23.8,1009.1,-
2016,8,2,5,42.5,북서,310,22.75,18.48,0.22,3.3,0.35,3.5,0,북북서,328,23.3,1008.8,-
2016,8,2,6,39.1,북,351,25.31,18.43,0.18,3.4,0.24,3,0,동,81,25,1009,-
2016,8,2,7,14.9,북북서,348,24.52,18.01,0.17,3.4,0.27,3,1.6,북서,311,25.6,1009.2,-
2016,8,2,8,19.7,북북동,29,23.37,17.86,0.14,3.6,0.22,3.5,0.2,서,274,26.3,1009.2,-
2016,8,2,9,6.3,남동,135,23.27,17.65,0.19,3.8,0.26,2.5,0.3,북북서,329,26.4,1009.2,-
2016,8,2,10,3.1,남동,145,23.5,17.78,0.15,4.5,0.18,4,1.3,남동,138,27,1009.2,-
2016,8,2,11,9.5,동남동,105,23.02,18.32,0.17,4.2,0.24,4.5,1.7,동,89,26.7,1009.4,-
2016,8,2,12,5.9,동남동,114,21.21,17.85,0.18,3.5,0.26,3.5,2.3,동북동,71,26.6,1009.2,-
2016,8,2,13,11.4,북서,315,22.95,17.76,0.22,3.4,0.44,3,2.9,동,91,26.8,1008.7,-
2016,8,2,14,21.3,서북서,288,22.7,17.69,0.2,3.4,0.26,3,3.1,동,97,27.2,1008.6,-
2016,8,2,15,28.2,서,264,22.27,17.73,0.22,3.9,0.36,4,4.4,동,86,26.4,1008.3,-
2016,8,2,16,22.3,서남서,245,20.9,18.02,0.22,4.3,0.26,5,3.9,북북서,340,24.6,1008.5,-
2016,8,2,17,32.9,서남서,247,20.22,17.75,0.2,5.6,0.33,5,0.4,북동,52,25.1,1008.1,-
2016,8,2,18,17.6,남남서,207,21.09,17.6,0.25,4,0.43,3,2,북북서,335,25.8,1008,-
2016,8,2,19,7.3,남,176,21.84,17.44,0.22,3.8,0.3,4,0.6,남남서,194,24.5,1008.2,-
2016,8,2,20,3.6,북,1,21.68,17.57,0.28,6.7,0.43,3.5,2,북서,315,24.5,1008.1,-
2016,8,2,21,18.8,동,82,21.65,17.62,0.22,6.2,0.39,9.5,1.8,서북서,299,24.6,1008.7,-
2016,8,2,22,21.2,동,94,21.65,17.63,0.22,4.7,0.3,2.5,2.4,북북서,331,24.6,1009.3,-
2016,8,2,23,35.6,동북동,75,22.12,17.6,0.27,8,0.42,10.5,2.6,북서,314,24.1,1009.3,-
2016,8,3,0,37.6,동,98,20.87,17.59,0.29,9.7,0.52,11.5,1.4,북서,324,24.7,1009.1,-
2016,8,3,1,21.5,북동,38,22.54,17.21,0.27,6.4,0.36,9.5,2.8,북서,310,24.4,1009,-
2016,8,3,2,10.7,서북서,286,22.42,17.59,0.33,7.6,0.43,10,1.6,북서,316,24.2,1009,-
2016,8,3,3,36.3,서남서,250,21.65,17.57,0.29,6.1,0.42,10,2,북북서,335,25.1,1008.9,-
2016,8,3,4,47.7,서남서,239,21.44,17.42,0.36,10.3,0.51,12,1.3,북서,326,24.6,1008.7,-
2016,8,3,5,33.1,서남서,252,20.95,17.49,0.34,9.8,0.47,9,0.6,서북서,293,23.9,1008.7,-
2016,8,3,6,31.1,서,266,21.6,16.98,0.39,10.7,0.46,10.5,0.1,북,9,23.9,1009,-
2016,8,3,7,20.4,북서,308,22.32,16.93,0.34,7.8,0.43,9.5,1.7,서북서,301,24.5,1009.2,-
2016,8,3,8,30.8,북북동,18,25.23,16.35,0.26,5.3,0.34,4.5,1.4,서북서,284,26.1,1009.4,-
2016,8,3,9,34.8,북북동,22,25.19,16.08,0.31,7.3,0.45,7.5,1,남,187,27.7,1009.5,-
2016,8,3,10,8.7,북북서,345,23.88,16.25,0.51,9.5,0.73,9,4.8,동,81,27,1009.3,-
2016,8,3,11,10.7,남남서,194,25.18,15.94,0.34,8,0.43,10,4.9,동북동,73,26.7,1009.3,-
2016,8,3,12,10.8,남,172,24.35,15.99,0.31,9.1,0.45,11.5,4.6,동북동,57,26.6,1009.4,-
2016,8,3,13,3.3,북북동,29,23.86,16,0.36,8,0.5,9,3.3,동북동,61,26.8,1009.4,-
2016,8,3,14,22.1,서,275,24,16.06,0.48,10.1,0.73,12,2.8,동북동,76,27.2,1009.1,-
2016,8,3,15,14.4,서북서,289,23.5,15.97,0.55,9.7,0.69,11.5,2.8,동북동,76,27.1,1009,-
2016,8,3,16,20.2,서남서,239,23.07,15.9,0.39,6.6,0.48,4.5,3.4,동북동,78,27.1,1008.9,-
2016,8,3,17,22,남서,236,21.31,15.87,0.46,9.6,0.59,10.5,5.3,동,88,26,1008.8,-
2016,8,3,18,24.2,서남서,242,22.81,16.05,0.32,8.1,0.38,11,3.5,동북동,65,27.1,1009,-
2016,8,3,19,16.1,남서,216,23.37,15.96,0.35,8.1,0.46,10.5,1.7,북동,44,27.1,1009.2,-
2016,8,3,20,25.5,서,275,23.31,16.27,0.49,10.4,0.59,10,2.1,북동,48,27.1,1009.4,-
2016,8,3,21,5.5,북,352,22.5,16.39,0.43,8.8,0.69,8,2.7,북북동,32,27,1009.5,-
2016,8,3,22,15.8,동남동,114,22.63,16.44,0.45,9.2,0.7,10.5,2.8,북북동,20,26.9,1009.5,-
2016,8,3,23,39.2,동,92,23.46,16.06,0.38,7.5,0.58,8.5,1.5,북,354,26.7,1009.5,-
2016,8,4,0,35.5,동,93,24.11,16.19,0.38,8.1,0.48,9,1.8,북동,40,26.9,1009.6,-
2016,8,4,1,23,동북동,75,22.63,16.19,0.35,6.4,0.51,9,2.2,북동,38,26.5,1009.7,-
2016,8,4,2,18.9,북북서,343,23.96,15.91,0.33,6.9,0.45,8.5,2.4,북서,323,25.6,1009.4,-
2016,8,4,3,33.2,서,265,24.29,15.78,0.35,8.2,0.46,9.5,2.4,북동,47,26.7,1009.5,-
2016,8,4,4,32.3,서남서,237,24,15.8,0.35,7.9,0.42,7,3.3,북북동,18,26.7,1009.4,-
2016,8,4,5,54.5,서남서,244,23.59,15.82,0.41,9.6,0.6,8.5,2.6,동북동,63,26.6,1009.5,-
2016,8,4,6,56.6,서남서,253,24.32,15.84,0.29,8.4,0.37,8.5,2.9,동북동,70,26.6,1009.8,-
2016,8,4,7,27.5,서,268,24.79,15.38,0.3,5.9,0.46,7.5,2.1,북북동,26,26.3,1009.9,-
2016,8,4,8,25.9,북북서,329,25.02,15.35,0.35,5.1,0.49,4,1.7,북북동,27,27.2,1010,-
2016,8,4,9,9.4,북북서,335,25.45,15.34,0.39,5.8,0.55,3.5,4.4,동북동,76,27.6,1009.8,-
2016,8,4,10,3,서북서,294,24.99,15.11,0.35,4.9,0.62,3.5,4.7,동북동,62,27.5,1010.5,-
2016,8,4,11,6.6,남서,227,24.85,15.24,0.41,7.1,0.5,4.5,5.3,북동,54,27.2,1010.5,-
2016,8,4,12,9.9,남동,134,24.81,15.11,0.4,5.6,0.63,8,5.3,북동,48,27.3,1010.4,-
2016,8,4,13,7.1,동,87,23.29,15.23,0.39,6.2,0.5,6,5.1,동북동,67,27.1,1010.1,-
2016,8,4,14,14.3,북,352,24.92,14.93,0.41,4.3,0.65,4,5,동북동,58,27.2,1009.7,-
2016,8,4,15,8.2,북서,324,24.34,14.88,0.41,4.2,0.53,4.5,5.6,동북동,65,27.5,1009.3,-
2016,8,4,16,23.1,서,265,24.79,14.91,0.46,3.8,0.65,3.5,6.4,동북동,68,27.7,1009.2,-
2016,8,4,17,27.4,서남서,243,23.35,14.96,0.44,4.5,0.89,3,6.5,동,81,27.6,1008.8,-
2016,8,4,18,34.7,서,261,23.5,14.85,0.38,4.7,0.57,5,6.8,동,80,27.2,1008.9,-
2016,8,4,19,44.7,서,264,24.31,14.67,0.38,4,0.64,3.5,5.4,동북동,66,27.4,1009.6,-
2016,8,4,20,32.4,서남서,248,25.16,14.62,0.49,4.2,0.62,3,4.8,동북동,63,27.6,1009.9,-
2016,8,4,21,25.1,북서,314,24.79,14.88,0.36,3.9,0.5,3.5,3.9,북동,56,27.3,1010.3,-
2016,8,4,22,24.3,북,350,26.12,14.55,0.5,3.8,0.8,3.5,2.5,북동,34,27.3,1010.4,-
2016,8,4,23,35.2,동,79,26.55,14.59,0.57,4.2,0.84,3.5,2.7,북동,56,27.2,1010.5,-
2016,8,5,0,27.1,동,100,26.01,14.49,0.5,4.1,0.77,4,3.2,북동,35,27.1,1010.8,-
2016,8,5,1,29.1,동북동,70,26.3,14.43,0.65,4.6,1.02,4.5,2.3,북북동,31,26.9,1010.7,-
2016,8,5,2,22,북동,38,25.9,14.4,0.62,4.2,0.86,4.5,2.5,북북동,18,26.8,1010.4,-
2016,8,5,3,12.1,북서,304,25.59,14.58,0.47,4.4,0.72,4.5,2.3,북,6,26.7,1010.3,-
2016,8,5,4,34.9,서,264,25.23,14.63,0.33,4.9,0.44,5,2.7,북북동,27,26.6,1010.1,-
2016,8,5,5,47.5,서,266,25.78,14.41,0.43,4.6,0.68,5.5,2.8,북북동,22,26.5,1010.1,-
2016,8,5,6,31.6,서,276,26.06,14.18,0.38,4.5,0.6,4,2.4,북북동,21,26.7,1010.3,-
2016,8,5,7,-,-,-,-,-,0,0,0,0,2.6,북동,37,26.9,1010.8,-
2016,8,5,8,6.1,서북서,288,26,13.87,0.5,4.5,0.65,4,1.9,북동,41,27.4,1011.1,-
2016,8,5,9,4.1,남남서,205,25.69,13.77,0.48,4.4,0.62,4.5,4.3,동북동,67,27.6,1010.9,-
2016,8,5,10,9.7,동남동,102,25.5,13.9,0.43,4.8,0.58,4.5,4.6,북동,56,27.3,1010.8,-
2016,8,5,11,12.9,북동,36,25.98,13.79,0.55,4.9,0.78,4.5,4.5,동,80,27,1010.8,-
2016,8,5,12,10.6,북동,52,26.1,13.58,0.5,5,0.6,5.5,3.9,동,95,26.8,1010.3,-
2016,8,5,13,11.8,남남동,148,25.65,13.62,0.42,5,0.59,5.5,4.5,동북동,58,27,1010.1,-
2016,8,5,14,6.7,북북동,19,26.11,13.41,0.41,4.4,0.66,5.5,3.9,동북동,61,27.1,1009.9,-
2016,8,5,15,13.4,북북서,327,26.46,13.45,0.5,4.5,0.77,4.5,4.5,동,82,27.4,1009.7,-
2016,8,5,16,11.4,서북서,297,26.23,13.55,0.56,4.2,0.79,4.5,4.9,동,85,27.4,1009.2,-
2016,8,5,17,34.1,서,261,26.7,13.61,0.47,5.1,0.66,6,5,동,84,27.6,1009.1,-
2016,8,5,18,29.6,서남서,242,25.52,13.64,0.43,4.4,0.59,5.5,5.5,동북동,77,27.5,1009.1,-
2016,8,5,19,17.8,남남서,207,24.54,13.64,0.35,4.3,0.48,4.5,5.3,북동,44,27.2,1009.3,-
2016,8,5,20,9.2,동북동,77,24.76,13.37,0.36,3.9,0.55,3.5,3.4,동북동,63,27.4,1009.7,-
2016,8,5,21,21.6,동남동,116,25.23,13.18,0.37,4.1,0.56,4,2.7,동북동,65,27.2,1010.3,-
2016,8,5,22,42.6,동,98,24.68,13.03,0.4,4.1,0.6,4,2.9,동북동,72,27.2,1010.3,-
2016,8,5,23,40.4,동,82,25.68,12.85,0.4,4.1,0.63,4,2.2,동북동,64,27.1,1010.3,-
2016,8,6,0,17.5,북동,37,26.23,12.69,0.4,3.9,0.61,3.5,2,북동,36,26.9,1010.4,-
2016,8,6,1,24,동남동,103,25.73,12.6,0.42,4.1,0.6,4.5,2.2,북동,39,27,1010.5,-
2016,8,6,2,22,동,89,25.79,12.55,0.41,4.2,0.54,3.5,1.9,동북동,57,26.9,1010,-
2016,8,6,3,12.6,북북동,27,25.51,12.56,0.42,4.3,0.62,3.5,2.1,북북동,26,26.6,1009.7,-
2016,8,6,4,14.7,북서,321,25.95,12.54,0.33,3.8,0.5,3.5,2.1,북북서,348,26.5,1009.5,-
2016,8,6,5,8.2,서북서,292,25.97,12.59,0.33,4.1,0.52,4,2,북북동,13,26.7,1009.4,-
2016,8,6,6,11,서,261,25.76,12.3,0.36,4.2,0.54,3.5,0.9,북북서,331,26.4,1009.7,-
2016,8,6,7,5.1,서,280,25.83,12.14,0.34,3.9,0.51,4,2.8,북북동,29,26.8,1009.9,-
2016,8,6,8,3,서남서,238,25.82,11.99,0.37,4,0.5,4.5,3.4,북북동,22,27.4,1009.6,-
2016,8,6,9,4.1,남서,235,26.15,11.96,0.34,4.1,0.5,3.5,3,동북동,62,27.9,1009.4,-
2016,8,6,10,7.4,동북동,59,26.5,11.8,0.34,3.9,0.53,3.5,4.7,동,85,27.2,1009.3,-
2016,8,6,11,28.5,동,80,26.71,11.9,0.38,3.8,0.62,4,4.8,동남동,114,27.7,1009,-
2016,8,6,12,31.3,동북동,69,27.22,11.86,0.44,3.8,0.73,3.5,4,동남동,107,27.7,1008.6,-
2016,8,6,13,29.8,동북동,66,27.68,11.68,0.37,3.9,0.55,3.5,4.5,동,97,27.7,1008.5,-
2016,8,6,14,25.7,동,84,27.2,11.53,0.4,4,0.54,4,3.5,동,86,27.8,1008.3,-
2016,8,6,15,12.7,북북동,24,26.95,11.63,0.39,4.2,0.5,4,3.6,동,93,27.9,1007.8,-
2016,8,6,16,13.9,서남서,250,26.59,11.66,0.33,3.7,0.52,3.5,3.3,동,90,27.9,1007.4,-
2016,8,6,17,42.4,서,259,27.14,11.43,0.31,3.8,0.49,4,2.8,동,91,28.3,1007.1,-
2016,8,6,18,19.2,서,266,27.72,11.31,0.32,4,0.46,5,2.2,동,93,28.3,1007.2,-
2016,8,6,19,20.3,서남서,257,27.08,11.4,0.37,3.6,0.51,3,1.5,동북동,70,28.1,1007.2,-
2016,8,6,20,14.9,서북서,282,27.65,11.4,0.33,3.6,0.47,3.5,2,동,100,28,1007.4,-
2016,8,6,21,12.9,서북서,300,27.73,11.45,0.26,3.9,0.36,3,2,동북동,62,28.1,1008.2,-
2016,8,6,22,14.5,북북동,22,27.96,11.38,0.3,4,0.37,3.5,1.5,동북동,72,28.1,1008.2,-
2016,8,6,23,28.8,동북동,75,28.01,11.2,0.29,4,0.4,5,0.8,북북서,343,27.9,1007.6,-
2016,8,7,0,38.1,동북동,73,27.92,11.34,0.28,4.2,0.36,3.5,0.7,북북서,338,27.9,1007.7,-
2016,8,7,1,28.2,동북동,76,27.6,11.33,0.26,4.3,0.34,5.5,0.6,서북서,282,27.6,1007.6,-
2016,8,7,2,16,동,84,27.34,11.17,0.31,4.4,0.48,3.5,1.1,북서,318,27.5,1007.7,-
2016,8,7,3,3.3,서남서,256,27.25,11.09,0.27,3.7,0.4,3,1.7,서북서,301,27.7,1007.5,-
2016,8,7,4,14.5,서,272,27.22,10.96,0.22,3.8,0.33,3,1.2,북북서,337,27.7,1007.6,-
2016,8,7,5,31.7,서,270,26.25,10.86,0.2,3.6,0.31,5,0.2,남,173,27,1007.7,-
2016,8,7,6,47.2,서,269,26.24,10.74,0.17,4.3,0.25,3,0.4,북북동,17,27,1007.8,-
2016,8,7,7,28.9,서,260,24.95,10.61,0.2,4,0.24,3,0.8,동,92,27.6,1007.8,-
2016,8,7,8,23.6,서남서,246,25.93,10.49,0.2,3.6,0.3,3,0.8,남남동,152,27.8,1007.6,-
2016,8,7,9,13.1,북서,306,26.41,10.23,0.22,3.6,0.32,4.5,0.8,동남동,121,27.9,1007.1,-
2016,8,7,10,6.3,북북동,26,27.04,10.37,0.27,3.5,0.42,4,1.7,남남동,165,28.1,1007,-
2016,8,7,11,-,-,-,-,-,0,0,0,0,-,-,-,-,-,-
2016,8,7,12,25.3,동북동,79,27.18,10.17,0.32,3.9,0.48,3.5,3.5,남남동,167,28.6,1007,-
2016,8,7,13,24.2,남동,127,26.87,10.18,0.29,3.7,0.51,3,1.5,남남서,203,28.6,1007,-
2016,8,7,14,20,남동,143,26.71,10.09,0.31,4.3,0.53,3.5,0.6,남남서,206,29.3,1006.8,-
2016,8,7,15,31.9,북동,41,27.37,10,0.28,3.6,0.39,3,0.8,남서,220,29.1,1006.4,-
2016,8,7,16,13.8,북북동,20,25.32,10.13,0.3,4,0.5,4,1.9,남남서,192,28.8,1006.3,-
2016,8,7,17,16.8,북북서,337,26.6,10.19,0.31,3.9,0.44,3.5,2.4,남남서,205,28.6,1006.1,-
2016,8,7,18,23.5,북북서,330,26.13,10.05,0.28,3.9,0.36,3,2.2,남서,220,28,1005.8,-
2016,8,7,19,3,서,276,25.95,10.1,0.3,4,0.39,4,3.9,남남서,202,27.8,1006.4,-
2016,8,7,20,7.1,서남서,239,26.16,10.22,0.25,3.8,0.39,4.5,2.1,서,265,27.4,1006.9,-
2016,8,7,21,11.3,서,262,26.33,10.22,0.21,3.7,0.32,4,1.2,서남서,258,27.4,1007,-
2016,8,7,22,3.8,남서,218,26.05,10.34,0.18,4,0.25,4,0.9,남남서,211,26.9,1007.1,-
2016,8,7,23,9.2,북동,40,25.17,10.45,0.2,3.9,0.27,3.5,2.4,남남서,213,27.7,1007.2,-
2016,8,8,0,20.9,동,82,26.93,10.18,0.23,4,0.32,3.5,0,남남동,164,27.4,1007.3,-
2016,8,8,1,23.7,동,87,26.58,10.2,0.23,4,0.3,3.5,2.8,남서,217,27.1,1007.3,-
2016,8,8,2,29.2,동남동,116,25.24,10.16,0.25,4.7,0.39,5,1.6,서,259,27.2,1007.3,-
2016,8,8,3,10.8,동남동,114,24.31,10.2,0.22,3.7,0.34,4,0.8,남남서,211,26.8,1007.1,-
2016,8,8,4,11.8,북,354,25.78,-,0.22,4.4,0.31,3,0.5,서남서,248,26.8,1006.6,-
2016,8,8,5,11.1,북서,317,24.65,10.07,0.19,4,0.24,3.5,0.2,북서,306,27.4,1006.5,-
2016,8,8,6,37.2,서,265,25.34,-,0.17,3.8,0.3,5,1.5,북북서,327,27.9,1006.7,-
2016,8,8,7,57.4,서,260,25.11,-,0.17,4.7,0.25,4.5,1.5,남남동,149,26.1,1007,-
2016,8,8,8,33.2,서북서,285,24.96,-,0.18,3.5,0.22,5,2,동남동,116,26.7,1007.1,-
2016,8,8,9,26.4,북서,310,25.03,-,0.2,4.2,0.26,4.5,2.6,동,90,27.2,1007,-
2016,8,8,10,22.1,북북서,336,25.48,-,0.17,3.9,0.23,4.5,2.4,동,95,27.6,1007,-
2016,8,8,11,10.6,서북서,281,24.97,-,0.21,4,0.32,4,1.5,남남동,156,28.5,1006.6,-
2016,8,8,12,9.7,남,188,25.67,-,0.18,4.7,0.23,5,0.4,남동,142,28.8,1006.2,-
2016,8,8,13,16.4,남동,136,24.35,-,0.27,4.1,0.39,3.5,1.3,남남동,150,28.3,1005.9,-
2016,8,8,14,19.5,동남동,117,24.51,-,0.35,4.1,0.54,5.5,1.9,남동,140,28.7,1005.9,-
2016,8,8,15,20,동남동,116,18.94,10.11,0.19,3.8,0.33,4,1.8,동남동,123,28.8,1005.9,-
2016,8,8,16,24.7,북북동,24,26.19,-,0.24,4,0.34,3.5,2.6,동북동,77,28.7,1006,-
2016,8,8,17,15.7,동북동,77,23.21,-,0.21,4.3,0.34,4,3.6,동,93,28.7,1005.8,-
2016,8,8,18,14.4,북북서,333,23.77,-,0.21,4.5,0.3,3,4.5,북동,42,28.5,1006,-
2016,8,8,19,25,서남서,257,22.67,-,0.19,4.2,0.26,3,3.8,북동,55,28.7,1006.3,-
2016,8,8,20,30.8,서남서,254,23.64,-,0.2,4.2,0.27,5,2.1,동,84,27.3,1006.7,-
2016,8,8,21,48.4,서,269,24.8,-,0.2,3.9,0.3,3,2.5,동남동,112,26.8,1007.1,-
2016,8,8,22,28.6,서북서,286,25.37,-,0.27,3.7,0.44,3.5,2.1,동,96,26.7,1006.9,-
2016,8,8,23,13.2,북,359,25.65,-,0.28,3.5,0.5,3,1.5,동남동,107,27.4,1007.2,-
2016,8,9,0,20.7,북,1,27.3,-,0.29,3.5,0.47,4,1.2,북북동,24,28.8,1007,-
2016,8,9,1,3.4,동,87,26.8,-,0.31,3.8,0.49,3,1.1,남,190,27,1007,-
2016,8,9,2,13.3,동남동,111,26.56,-,0.32,4,0.4,3,1.1,남서,228,27.6,1006.9,-
2016,8,9,3,27.9,동남동,115,25.01,-,0.35,3.6,0.59,3,2.4,북동,44,28.5,1007,-
2016,8,9,4,25,동북동,75,23.57,-,0.28,3.5,0.47,3.5,4.5,동,79,28.1,1007.1,-
2016,8,9,5,19.6,북,350,24.45,-,0.44,4.2,0.64,3,3.7,북동,48,27.5,1007.5,-
2016,8,9,6,39.8,서남서,258,25.32,-,0.42,4.2,0.68,4.5,2.7,동북동,71,27.2,1008,-
2016,8,9,7,62.1,서,271,26.87,-,0.37,4.2,0.55,2.5,3.9,동북동,60,27.7,1008,-
2016,8,9,8,38.2,서북서,286,27.36,-,0.57,4.4,0.77,4,4.3,북동,47,27.8,1008.5,-
2016,8,9,9,30.2,북서,311,28.69,-,0.53,4.1,0.75,3.5,4.8,북동,50,28.2,1008.5,-
2016,8,9,10,24.4,북서,312,28.93,-,0.67,4.6,1.03,4.5,8.9,동북동,62,27.8,1008.5,-
2016,8,9,11,11.4,북북서,329,28.87,-,0.62,4.7,0.95,5.5,9.6,북동,49,28.1,1008.5,-
2016,8,9,12,10.1,북,0,28.94,-,0.64,4.2,0.76,4.5,9.3,북동,50,27.7,1008.6,-
2016,8,9,13,3.9,북,3,28.9,-,0.64,4.7,0.85,4.5,8.3,북동,55,27.7,1008.6,-
2016,8,9,14,2.7,북서,309,28.87,-,0.52,4.4,0.71,4.5,9.1,북동,49,27.7,1008.2,-
2016,8,9,15,14.7,북서,316,28.93,-,0.57,4.1,0.84,5,8.4,북동,39,28,1008.3,-
2016,8,9,16,24.5,서,264,28.85,-,0.48,4.4,0.61,3,8.3,북동,54,27.7,1008.4,-
2016,8,9,17,32.5,서남서,250,28.76,-,0.54,4.3,0.78,3.5,6.7,동북동,59,27.5,1008.6,-
2016,8,9,18,27.9,서남서,252,28.61,-,0.52,3.9,1.04,4.5,7.2,동북동,63,27.3,1008.7,-
2016,8,9,19,21.5,서,270,28.54,-,0.41,4.1,0.59,7,6,동북동,64,27.2,1009,-
2016,8,9,20,15.2,서남서,243,28.56,-,0.44,4.6,0.55,5,5,동북동,57,27.3,1009.4,-
2016,8,9,21,15.4,남서,218,28.45,-,0.42,4.4,0.61,4,3.6,북동,48,27.3,1010.1,-
2016,8,9,22,10,서남서,238,28.36,-,0.5,4.1,0.66,4,2.9,동북동,73,27.1,1010.3,-
2016,8,9,23,2.7,남,177,28.53,-,0.47,4.4,0.7,4.5,2.7,북동,47,26.9,1010,-
2016,8,10,0,5.9,남남동,161,28.54,-,0.41,4.1,0.5,5,2.9,북북동,27,26.8,1009.9,-
2016,8,10,1,4.6,남,173,28.49,-,0.42,4.3,0.61,4,1.9,북북동,19,26.8,1009.6,-
2016,8,10,2,3.5,남남동,161,28.48,-,0.43,4.5,0.57,4.5,2.2,북북동,28,26.7,1009.5,-
2016,8,10,3,2.1,남,174,28.44,-,0.41,4.6,0.6,4.5,1.7,북,352,26.6,1009.4,-
2016,8,10,4,4.1,남동,144,28.4,-,0.4,4.1,0.57,4,2.1,북서,314,26.3,1009.8,-
2016,8,10,5,5.1,서,272,28.38,-,0.34,4.5,0.49,4.5,2,북서,313,26,1010,-
2016,8,10,6,5.6,북서,306,28.34,-,0.33,4.3,0.47,6,1.6,북,350,26.3,1010.2,-
2016,8,10,7,3.5,서남서,249,28.32,-,0.41,3.8,0.56,3,0.8,서북서,293,26.5,1010.3,-
2016,8,10,8,2.1,남동,142,28.33,-,0.37,4.6,0.56,5,0.5,남동,135,28.4,1010.5,-
2016,8,10,9,5,동북동,73,28.36,-,0.41,4.1,0.58,4,2.1,동남동,104,27.2,1010.9,-
2016,8,10,10,4.7,남동,130,28.4,-,0.48,3.8,0.66,3.5,1.9,동남동,117,27.3,1010.9,-
2016,8,10,11,3.3,남,171,28.41,-,0.39,4.1,0.61,4.5,1.8,남동,124,27.5,1010.6,-
2016,8,10,12,6.3,남남서,212,28.47,-,0.38,4.1,0.57,3,2.2,남동,130,27.8,1010.2,-
2016,8,10,13,7.6,서북서,289,29.08,-,0.35,4.3,0.45,5,2.4,남,177,28.2,1009.7,-
2016,8,10,14,2.8,북북동,24,28.79,-,0.39,3.9,0.63,5,2.4,남,186,28.4,1009.5,-
2016,8,10,15,8.7,북동,39,28.95,-,0.37,4.7,0.58,3.5,2.5,남,184,28.4,1009,-
2016,8,10,16,8.8,북동,56,28.83,-,0.41,4.5,0.55,4,2,남남동,150,28.8,1008.8,-
2016,8,10,17,5.9,동북동,70,28.93,-,0.34,4.8,0.52,4.5,0.9,남남동,149,29.1,1008.8,-
2016,8,10,18,6.6,북북동,23,28.88,-,0.31,4.3,0.41,5,0.9,남동,134,29.1,1008.7,-
2016,8,10,19,6.8,남동,141,28.89,-,0.27,3.8,0.42,3,1.3,남동,139,28.8,1009.2,-
2016,8,10,20,10.8,동남동,112,28.9,-,0.28,3.8,0.44,3.5,0.4,남남동,147,28.7,1009.3,-
2016,8,10,21,16.1,동남동,105,28.84,-,0.24,4.2,0.34,4,1.3,동북동,58,28.6,1009.9,-
2016,8,10,22,13,동남동,113,28.57,-,0.25,4.5,0.37,3.5,0.8,동,85,28.5,1009.8,-
2016,8,10,23,18.9,동,99,29.23,-,0.3,4.5,0.54,3.5,0.8,서북서,282,28.6,1009.9,-
2016,8,11,0,27.8,동,89,29.12,-,0.28,4.6,0.38,5,0.4,서,266,28.4,1009.6,-
2016,8,11,1,26.2,동,96,29,-,0.31,4.7,0.42,3,0.6,남동,126,28.3,1009.4,-
2016,8,11,2,22.1,동,88,28.95,-,0.31,5.7,0.41,8,1.7,서북서,294,28.2,1009.2,-
2016,8,11,3,15.8,동북동,69,28.93,-,0.41,5.6,0.63,5.5,1.1,북서,307,28.1,1008.9,-
2016,8,11,4,14.8,동남동,109,28.9,-,0.31,4.5,0.44,4.5,0.8,서남서,254,27.8,1008.9,-
2016,8,11,5,22.2,동,94,28.91,-,0.27,4.7,0.34,3.5,2.2,서,280,28,1009.3,-
2016,8,11,6,11.9,동북동,76,28.87,-,0.25,5,0.35,6.5,1.9,서북서,301,28.2,1009.7,-
2016,8,11,7,7.8,북서,318,28.31,-,0.24,4.8,0.38,5,0.6,동북동,73,28.3,1010.1,-
2016,8,11,8,14.5,서북서,297,28.47,-,0.27,5.6,0.38,8,0.5,남남서,205,29,1010.1,-
2016,8,11,9,20.5,북서,308,28.54,-,0.32,4.5,0.45,3,0.9,남남동,154,29.5,1010.2,-
2016,8,11,10,12.7,북서,320,28.33,-,0.28,5.5,0.44,6,2.3,남동,130,29.2,1010.2,-
2016,8,11,11,13.8,북북서,336,28.98,-,0.27,4.3,0.41,3,1.8,남남동,165,29.8,1009.9,-
2016,8,11,12,20.7,북북동,21,29.27,-,0.31,5.4,0.47,6.5,1.9,남남동,165,30.4,1009.5,-
2016,8,11,13,22.7,동북동,58,29.32,-,0.32,5.6,0.38,4,2,남남동,167,30.8,1009.1,-
2016,8,11,14,14.6,북동,54,29.45,-,0.32,5.1,0.44,6.5,2.9,남,169,30.7,1008.8,-
2016,8,11,15,4.5,동북동,77,29.68,-,0.38,4.9,0.54,3,2.3,남남동,158,30.5,1008.4,-
2016,8,11,16,8.8,남남서,208,29.85,-,0.39,4.2,0.51,4,1.7,남남동,165,30.5,1008.1,-
2016,8,11,17,11.5,남,180,30.16,-,0.36,4.1,0.56,3,1.7,남,175,30.3,1008.2,-
2016,8,11,18,3.7,북서,304,30.32,-,0.37,5.3,0.56,3.5,1.6,남동,133,30.3,1008.3,-
2016,8,11,19,11.3,남남동,146,29.88,-,0.33,4.9,0.43,4.5,2,남남동,150,30.1,1008.6,-
2016,8,11,20,4.5,서남서,247,30.09,-,0.39,3.7,0.63,3.5,1.5,남남동,159,30.1,1008.7,-
2016,8,11,21,7.7,남서,234,29.66,-,0.35,3.7,0.5,3,0.7,남,172,30.1,1008.8,-
2016,8,11,22,12.2,서북서,303,28.75,-,0.29,4.8,0.43,3,1.2,서남서,247,29.7,1008.9,-
2016,8,11,23,23.3,서북서,295,29.44,-,0.29,4.3,0.38,7,1.1,남남서,210,29.4,1008.7,-
2016,8,12,0,17.4,서북서,293,28.66,-,0.26,4.5,0.33,3.5,1.3,남남서,208,29.4,1008.4,-
2016,8,12,1,9.2,북북동,19,29.13,-,0.3,4.9,0.35,4,2,서,260,29.3,1008.1,-
2016,8,12,2,10.9,북북서,330,28.95,-,0.24,5.2,0.34,6,1.4,서북서,282,30.1,1007.9,-
2016,8,12,3,13.6,북서,315,28.79,-,0.26,5.8,0.32,6,1.2,서북서,291,29.5,1007.6,-
2016,8,12,4,12.5,서남서,254,28.49,-,0.3,6.4,0.41,7,0.5,북동,54,29,1007.4,-
2016,8,12,5,19.2,남서,234,28.63,-,0.28,5.1,0.47,5.5,1,서,273,28.6,1007.6,-
2016,8,12,6,10.4,남,178,28.36,-,0.26,4.1,0.44,4,1.5,북북서,333,28.8,1008,-
2016,8,12,7,18.3,동북동,69,28.52,-,0.24,4.6,0.33,6,1.1,북동,56,28.9,1008.2,-
2016,8,12,8,9.7,북북동,29,28.86,-,0.25,5,0.38,6,2.4,동,92,28.9,1008.4,-
2016,8,12,9,16.6,서남서,257,28.43,-,0.23,5.6,0.31,8.5,1.8,동북동,72,29,1008.4,-
2016,8,12,10,19.5,서남서,257,28.02,-,0.22,4.3,0.31,5.5,0.9,남동,134,29.5,1008.3,-
2016,8,12,11,49,서남서,244,28.11,-,0.3,4,0.46,3.5,1.5,남남서,192,30,1007.9,-
2016,8,12,12,46.7,서남서,249,28.48,-,0.22,4.9,0.29,8.5,4.1,남남서,213,29.3,1007.3,-
2016,8,12,13,56,서남서,258,28.49,-,0.27,4.5,0.38,5.5,5.3,남서,214,29.4,1006.6,-
2016,8,12,14,39.8,서,260,28.5,-,0.29,3.6,0.4,5.5,5.8,남서,215,29.7,1005.9,-
2016,8,12,15,38.3,서남서,251,28.65,-,0.39,3.1,0.52,2.5,5,남서,215,29.7,1005.6,-
2016,8,12,16,30.1,서남서,242,28.79,-,0.44,3.5,0.53,3,4.2,남남서,205,29.8,1005.3,-
2016,8,12,17,29,남서,233,28.73,-,0.59,3.5,0.91,3,4.8,남서,215,29.7,1005.2,-
2016,8,12,18,12.2,남남동,160,28.33,-,0.55,3.5,0.72,3,4.6,남남서,209,29.7,1005.1,-
2016,8,12,19,10.2,남동,138,28.84,-,0.69,3.3,0.89,3,3.7,남서,216,29.4,1005.2,-
2016,8,12,20,28.7,동북동,65,29.28,-,0.39,3.4,0.54,3,3.5,남남서,211,29.4,1005.6,-
2016,8,12,21,25.5,북동,42,28.93,-,0.34,3.5,0.55,3,3.4,남서,215,29.2,1005.8,-
2016,8,12,22,12,북북동,22,28.16,-,0.33,3.5,0.4,5.5,3.3,남서,220,29.2,1005.9,-
2016,8,12,23,7.7,북북서,344,28.55,-,0.32,3.3,0.42,3,2,서남서,247,29,1005.8,-
2016,8,13,0,6.6,북,354,28.22,-,0.24,4.3,0.42,3.5,2.7,서남서,244,29.8,1005.9,-
2016,8,13,1,16.9,서,279,27.53,-,0.26,3.5,0.33,6.5,1.5,서,261,29.9,1005.6,-
2016,8,13,2,13.5,서북서,281,27.64,-,0.24,4.2,0.32,3,2.2,서,259,30,1005.3,-
2016,8,13,3,12.9,서,259,27.71,-,0.19,4.3,0.27,3.5,2.9,남서,225,29.2,1005.2,-
2016,8,13,4,20.8,서남서,257,26.17,-,0.23,3.6,0.33,5,2.5,남서,225,28.8,1005,-
2016,8,13,5,21.9,서남서,246,26.79,-,0.25,4.2,0.34,3,1.9,서남서,256,28.7,1005.4,-
2016,8,13,6,21,서,260,25.77,-,0.28,3.6,0.44,3.5,2.1,남남서,207,28.4,1005.7,-
2016,8,13,7,7.4,남남동,160,26.57,-,0.28,3.4,0.5,4,0.9,서남서,254,28.7,1006,-
2016,8,13,8,14.3,북,1,26.43,-,0.31,3.9,0.43,3,1.3,남남서,213,29.5,1006.1,-
2016,8,13,9,4.5,서,269,26.19,-,0.29,3.5,0.43,3.5,2.9,남남서,202,29.6,1006.2,-
2016,8,13,10,13.5,남남서,196,27.06,-,0.2,3.2,0.27,2.5,5.2,남남서,206,29.5,1006.1,-
2016,8,13,11,8.1,북,4,26.49,-,0.19,3.5,0.3,4.5,6,남남서,202,29.1,1005.9,-
2016,8,13,12,9.7,북서,325,28.16,-,0.27,3.1,0.36,3.5,5.8,남남서,203,29.1,1005.5,-
2016,8,13,13,8.9,남남서,194,28.15,-,0.27,3.6,0.39,2.5,6.9,남남서,212,29.2,1005.2,-
2016,8,13,14,20,서남서,248,27.86,-,0.38,2.9,0.5,3,6.6,남남서,211,29.1,1004.7,-
2016,8,13,15,16.9,서남서,247,27.81,-,0.47,2.9,0.84,2.5,6.6,남서,215,29.3,1004,-
2016,8,13,16,12.6,서북서,282,27.9,-,0.55,3,0.74,3,6.3,남서,227,29.5,1003.8,-
2016,8,13,17,11.5,북서,307,28.04,-,0.63,3.6,0.92,3.5,5.8,남서,224,30,1004,-
2016,8,13,18,8,서북서,288,26.4,-,0.82,3.7,1.14,4,4.2,남서,227,29.6,1003.9,-
2016,8,13,19,4.5,서,266,26.35,-,0.69,3.4,1,3.5,4.5,남서,225,30,1004.2,-
2016,8,13,20,9.5,남남동,159,26.77,-,0.43,3.1,0.59,3,4.9,남서,225,29.4,1004.5,-
2016,8,13,21,8.2,남동,127,25.87,-,0.37,3.4,0.6,3.5,4.5,남서,227,29.3,1004.7,-
2016,8,13,22,12.9,북동,36,28.13,-,0.35,3.5,0.48,3,3.8,남서,221,29,1004.7,-
2016,8,13,23,11.8,북북동,32,27.94,-,0.36,3.5,0.48,3,3.3,남서,217,28.9,1004.2,-
2016,8,14,0,1.7,남남서,204,27.42,-,0.36,3.1,0.53,3.5,3.1,서남서,242,29.7,1004,-
2016,8,14,1,11.4,서,270,27.7,-,0.32,3.5,0.43,4.5,2.5,남서,232,29.4,1003.8,-
2016,8,14,2,24.3,서,266,26.48,-,0.33,3.1,0.42,3,3.5,남서,221,28.7,1003.8,-
2016,8,14,3,24,서,267,27.09,-,0.22,4.5,0.28,6,1.5,남서,217,28.7,1003.7,-
2016,8,14,4,26.7,서,265,24.63,-,0.25,3.2,0.35,2.5,1.9,서남서,248,28.9,1003.6,-
2016,8,14,5,25.4,서남서,258,24.52,-,0.24,3.6,0.29,5.5,1.6,동,89,27.8,1004.1,-
2016,8,14,6,7.9,남서,217,24.04,-,0.29,3.4,0.4,3.5,0.8,동남동,109,27.3,1004.3,-
2016,8,14,7,14.3,남동,132,23.36,-,0.3,3.1,0.38,3.5,0.9,남동,135,27.3,1004.4,-
2016,8,14,8,17,북동,46,24.28,-,0.33,3.3,0.45,3,0,서,269,28.1,1004.5,-
2016,8,14,9,14.8,동북동,59,24.86,-,0.35,3.2,0.56,3.5,1.1,남남동,166,28.7,1004.6,-
2016,8,14,10,3.7,북동,35,27.07,-,0.24,3.9,0.37,3,1.9,남남서,201,29,1004.4,-
2016,8,14,11,10.2,북,354,26.4,-,0.21,3.3,0.36,3,3.1,남서,214,28.7,1004,-
2016,8,14,12,16.7,서남서,252,25.68,-,0.3,3.7,0.49,4.5,4.2,남남서,192,28.8,1003.3,-
2016,8,14,13,8.8,서,263,26.99,-,0.21,3.2,0.31,3,4.8,남남서,200,29.1,1002.8,-
2016,8,14,14,18.8,서남서,248,26.71,-,0.25,3.4,0.41,3,6.5,남남서,208,29.1,1002.4,-
2016,8,14,15,32.4,서,263,26.72,-,0.33,2.8,0.48,3,5.5,남,191,29,1001.9,-
2016,8,14,16,37.1,서,277,26.33,-,0.31,3.4,0.44,3,5.2,남남서,196,29,1001.8,-
2016,8,14,17,26.7,서북서,282,26.38,-,0.32,3.3,0.55,3,4.4,남남서,199,29,1001.5,-
2016,8,14,18,12.8,서,271,26.19,-,0.31,4.4,0.43,7,4.1,남서,222,29.3,1001.3,-
2016,8,14,19,6.5,남서,216,26.15,-,0.53,3.3,0.79,3.5,3.9,남남서,201,28.3,1001.5,-
2016,8,14,20,7.1,남,174,25.3,-,0.45,3.3,0.83,3.5,3.3,남서,214,28.4,1001.8,-
2016,8,14,21,12.2,동,91,24.75,-,0.56,3.2,0.81,3,3.6,남서,226,28.5,1002.4,-
2016,8,14,22,23.5,북동,49,26.79,-,0.37,3.8,0.47,6,2.8,남서,215,28.7,1002.5,-
2016,8,14,23,16.5,북북동,12,25.87,-,0.4,3.4,0.55,3,0,북,357,28.7,1002.4,-
2016,8,15,0,12.4,서남서,253,25.47,-,0.27,4.6,0.41,3.5,0.4,남남서,212,27.8,1002.2,-
2016,8,15,1,26.9,서북서,290,25.46,-,0.23,4.5,0.35,5,0.5,북동,44,28.7,1002,-
2016,8,15,2,21,서,259,23.44,-,0.24,4.4,0.36,3.5,1.4,동남동,103,27.4,1001.8,-
2016,8,15,3,37.8,서,264,21.7,-,0.26,3.4,0.35,3,3.1,동북동,65,29.1,1001.5,-
2016,8,15,4,22.6,서북서,302,23.83,-,0.2,4.2,0.3,3,1.4,동북동,67,28.4,1001.3,-
2016,8,15,5,13.1,서북서,285,24.37,-,0.12,4.3,0.16,3.5,0.3,남남서,207,28.2,1001.2,-
2016,8,15,6,17.8,서,266,24.38,-,0.18,4,0.25,2.5,1.3,동북동,70,27.4,1001.4,-
2016,8,15,7,7.3,서남서,258,24.5,-,0.23,5.4,0.31,4,1.5,동북동,77,27.7,1001.5,-
2016,8,15,8,13.1,남동,142,23.94,-,0.29,3.6,0.41,4,1.5,서,267,27.8,1001.6,-
2016,8,15,9,15.1,동남동,107,23.26,-,0.32,3.5,0.48,3,1,남,186,28,1001.7,-
2016,8,15,10,28.1,동북동,56,25.68,-,0.28,4.4,0.38,3.5,1.3,동,101,28.7,1002.1,-
2016,8,15,11,12.7,북북동,32,26.06,-,0.23,4.4,0.42,8,2,동남동,111,28.8,1001.8,-
2016,8,15,12,26,서,268,25.74,-,0.21,4.3,0.3,4,2,동북동,77,28.8,1001.2,-
2016,8,15,13,41,서,267,25.86,-,0.18,3.8,0.29,3,2.9,동,84,29.5,1000.8,-
2016,8,15,14,33.6,서북서,284,26.39,-,0.18,4.2,0.25,6,2.5,동남동,121,29.9,1000.4,-
2016,8,15,15,28,서북서,298,27.26,-,0.21,4.2,0.26,2.5,3.9,동북동,60,29.8,1000.6,-
2016,8,15,16,21.4,북북서,334,28.07,-,0.23,3.6,0.32,3,3.4,동남동,111,28.7,1000.6,-
2016,8,15,17,11.5,북,349,28.24,-,0.28,3.8,0.42,3,0.6,동북동,57,28.5,1000.6,-
2016,8,15,18,8.5,북북동,23,27.92,-,0.29,3.9,0.38,4,5.7,남서,215,26.6,1001.1,-
2016,8,15,19,6.4,동북동,60,27.71,-,0.28,3.9,0.37,3,1.5,서남서,251,26.7,1001.4,-
2016,8,15,20,6.8,남동,145,27.86,-,0.3,3.3,0.54,3,0.8,북북서,331,27.2,1001.4,-
2016,8,15,21,18.6,동남동,117,23.34,-,0.29,4.3,0.42,3,2.1,북서,323,27.6,1001.5,-
2016,8,15,22,23.9,동북동,69,26.63,-,0.3,4,0.42,3.5,1.2,동,82,27.9,1001.5,-
2016,8,15,23,30.9,동북동,73,26.15,-,0.28,3.5,0.42,4,1,서남서,240,27.3,1001.6,-
2016,8,16,0,12.8,북서,314,25.45,-,0.19,3.4,0.3,3,0.1,서북서,289,26.6,1001.3,-
2016,8,16,1,52.7,북북서,329,27.04,-,0.16,5.2,0.21,7,3,북동,48,28.3,1001,-
2016,8,16,2,40.3,북북서,333,27.16,-,0.15,4.5,0.23,4.5,3.7,북북동,33,28.2,1000.3,-
2016,8,16,3,26.9,북서,311,27.68,-,0.16,4.2,0.22,4,3.9,북동,49,28.5,1000.3,-
2016,8,16,4,28.6,북서,319,28.33,-,0.17,4.3,0.22,5.5,3.1,동,92,27.5,1000,-
2016,8,16,5,13.3,북북서,327,28.3,-,0.26,3.9,0.34,3,3.8,북동,39,27.7,999.8,-
2016,8,16,6,8.5,서남서,251,28.34,-,0.19,4.5,0.25,5,1.2,북북서,333,27.5,1000.5,-
2016,8,16,7,5.1,북서,313,28,-,0.22,4.3,0.33,5,3.6,북동,55,27,1000.9,-
2016,8,16,8,9.3,동북동,68,27.95,-,0.2,2.8,0.41,2.8,7.8,북동,48,26.3,1001.1,-
2016,8,16,9,23.6,동북동,72,26.11,-,0.26,4.6,0.38,3.5,7,북동,45,26.8,1001.1,-
2016,8,16,10,26.9,동,84,24.96,-,0.33,4,0.48,3.5,6.3,동북동,75,27.2,1001.9,-
2016,8,16,11,13.9,북북동,29,26.97,-,0.42,4.2,0.61,4,6,북동,50,27.6,1002,-
2016,8,16,12,30.1,서북서,301,28.12,-,0.46,5.3,0.6,5.5,6.1,동북동,64,28.2,1001.7,-
2016,8,16,13,43.8,북서,311,28.77,-,0.49,4.8,0.68,4.5,5.3,동북동,64,28.2,1001.4,-
2016,8,16,14,29.8,북서,313,28.82,-,0.6,5,0.77,4,6.3,동북동,57,28.4,1000.9,-
2016,8,16,15,23.4,북서,316,29.66,-,0.68,4.9,0.83,4.5,6.5,북동,55,28.7,1000.5,-
2016,8,16,16,21.2,서북서,303,29.86,-,0.6,4.4,0.79,4.5,5.6,북동,54,28.7,1000.2,-
2016,8,16,17,8.1,북북서,334,30.02,-,0.46,4,0.64,4,5.4,북동,41,28.7,1000.5,-
2016,8,16,18,8,북,352,29.94,-,0.47,4.3,0.58,5,5.1,북북동,33,28.8,1000.8,-
2016,8,16,19,5.7,북북동,19,29.9,-,0.43,4.6,0.6,4,3.1,북동,53,28.4,1001.2,-
2016,8,16,20,10.8,북북동,32,29.8,-,0.52,4.3,0.76,4.5,2.5,북동,37,28.1,1001.6,-
2016,8,16,21,14.8,동남동,105,29.75,-,0.55,4.3,0.79,4.5,2.8,북북동,22,28.1,1002.3,-
2016,8,16,22,18.2,북동,52,29.61,-,0.48,4.2,0.61,4,2.5,북동,34,28,1002.5,-
2016,8,16,23,18.9,북동,50,29.58,-,0.46,4.5,0.79,4,1.7,북북동,23,27.9,1002.7,-
2016,8,17,0,6.6,북동,38,29.17,-,0.33,4.3,0.51,4,1.9,북동,53,27.7,1002.3,-
2016,8,17,1,14.6,북북서,343,29.09,-,0.41,4.1,0.54,4.5,1.2,북북동,18,27.4,1002.3,-
2016,8,17,2,27.2,북북서,327,29.58,-,0.46,4.8,0.65,4,2.3,북,350,27.2,1002.2,-
2016,8,17,3,18.1,북서,314,29.66,-,0.38,5,0.66,4,2.8,북,356,27.3,1002,-
2016,8,17,4,11.4,서,262,29.49,-,0.37,4.9,0.49,5,2.2,북,4,27.3,1002.3,-
2016,8,17,5,4.5,서,274,29.39,-,0.45,4.5,0.6,4.5,1.4,북북서,327,27,1002.6,-
2016,8,17,6,1.3,서,267,29.37,-,0.4,4.3,0.68,4.5,1.7,북,8,27,1003.2,-
2016,8,17,7,6.6,동북동,59,29.32,-,0.43,4.6,0.6,4.5,2.1,북북동,15,27.5,1003.7,-
2016,8,17,8,13.6,동,93,29.26,-,0.47,4.1,0.68,4.5,1.6,북북동,27,28.1,1003.8,-
2016,8,17,9,21.5,남동,125,28.26,-,0.37,3.8,0.58,3.5,3.6,동,96,28.5,1003.8,-
2016,8,17,10,13.6,남동,136,26.9,-,0.42,4.2,0.57,4,4.5,동,101,28.3,1003.8,-
2016,8,17,11,38.2,동북동,61,28.6,-,0.48,4.2,0.66,3.5,5.5,동,83,28.5,1003.6,-
2016,8,17,12,11,북북동,31,27.89,-,0.37,4.6,0.63,4.5,5,동,80,28.4,1003.4,-
2016,8,17,13,17.4,북서,306,28.74,-,0.38,4.5,0.64,4.5,4.8,동북동,70,28.4,1003.1,-
2016,8,17,14,31.2,북북서,327,29.58,-,0.46,4.7,0.65,4.5,5.5,동북동,77,28.7,1003.1,-
2016,8,17,15,12.2,서북서,291,29.31,-,0.41,4.2,0.6,4.5,5.6,북동,54,28.8,1002.8,-
2016,8,17,16,12.9,북북서,346,29.7,-,0.46,4.3,0.6,5,5.6,동북동,67,28.9,1002.8,-
2016,8,17,17,12.2,서북서,297,29.64,-,0.51,4.2,0.69,3.5,5.6,북동,49,29,1003,-
2016,8,17,18,8.5,서북서,301,29.59,-,0.5,4.3,0.63,4.5,6.4,북동,46,28.9,1003.3,-
2016,8,17,19,2.2,북동,47,29.53,-,0.47,4.1,0.74,4,5.7,북동,42,28.7,1003.7,-
2016,8,17,20,3.4,동북동,63,29.46,-,0.35,3.7,0.48,3.5,5.3,북동,39,28.5,1004,-
2016,8,17,21,18.5,동북동,59,29.59,-,0.44,4,0.58,3,4.7,북동,49,28.5,1004.9,-
2016,8,17,22,25.5,동북동,73,29.51,-,0.52,4.1,0.69,4.5,4.5,북동,54,28.4,1005,-
2016,8,17,23,29.9,북동,54,28.97,-,0.47,4,0.73,3.5,2.2,북북동,24,28.2,1005,-
2016,8,18,0,23.6,북북동,25,29.21,-,0.45,4.5,0.6,5,2.5,북북동,30,28,1005,-
2016,8,18,1,18.7,북,356,29.11,-,0.41,4.3,0.65,3.5,3.1,북북동,31,28,1005.1,-
2016,8,18,2,14.5,서북서,292,28.96,-,0.31,4.4,0.43,6,2.4,북북동,20,27.7,1005.2,-
2016,8,18,3,28.5,북서,322,29.03,-,0.41,4.4,0.51,3.5,3.1,북북동,24,27.7,1005.4,-
2016,8,18,4,20,서북서,291,28.87,-,0.36,4.5,0.54,5,2.1,북,0,27.4,1005.2,-
2016,8,18,5,11.9,북서,313,29.1,-,0.45,4.3,0.66,4.5,2.5,북북동,20,27.4,1005.2,-
2016,8,18,6,1.7,동,84,29.01,-,0.4,4.2,0.58,3.5,3.9,북,8,27.3,1005.7,-
2016,8,18,7,8.6,북동,42,28.98,-,0.43,4.3,0.66,4,3.3,북동,35,27.5,1005.5,-
2016,8,18,8,18.1,북동,56,28.91,-,0.57,4.3,1,4.5,3.8,동북동,61,28.1,1006.2,-
2016,8,18,9,19.9,동북동,77,28.91,-,0.62,4.4,1.18,4.5,4.8,동북동,69,28.5,1006.2,-
2016,8,18,10,-,-,-,-,-,-,-,-,-,-,-,-,-,-,-
2016,8,18,11,21.8,동북동,78,27.91,-,0.55,3.9,0.73,4,5.9,동북동,66,28.3,1006.3,-
2016,8,18,12,22.6,북북동,24,28.36,-,0.55,3.8,0.74,3.5,5.8,동북동,70,28.5,1006.3,-
2016,8,18,13,20.3,북서,318,28.82,-,0.44,4.4,0.57,4.5,6.5,북동,48,28.6,1006.1,-
2016,8,18,14,38.6,서북서,297,29.1,-,0.39,4.5,0.6,5,6.5,북동,51,28.7,1005.9,-
2016,8,18,15,36.3,서,279,29.15,-,0.43,4.5,0.57,4.5,5.9,북동,54,28.7,1005.3,-
2016,8,18,16,28.5,서북서,289,29.6,-,0.41,4.5,0.56,5.5,6.6,북동,52,28.8,1005.2,-
2016,8,18,17,-,-,-,-,-,0,0,0,0,-,-,-,-,-,-
2016,8,18,18,27.8,서,277,29.63,-,0.47,4.5,0.65,4,6.1,북동,44,28.7,1005.2,-
2016,8,18,19,15.1,서북서,297,29.57,-,0.5,4.8,0.73,4.5,5,북동,36,28.4,1005.3,-
2016,8,18,20,10,북,11,29.51,-,0.59,4.1,0.85,4,3.6,북동,53,28.3,1006.1,-
2016,8,18,21,14,동,87,29.46,-,0.5,4.4,0.74,4,4.5,동북동,57,28.3,1006.5,-
2016,8,18,22,27.8,동,87,29.39,-,0.46,4.5,0.61,4,4.6,북동,49,28.1,1007.1,-
2016,8,18,23,30.8,동북동,69,29.32,-,0.65,4.8,1.1,4.5,4.8,북동,50,27.8,1007,-
2016,8,19,0,36.3,북동,45,29.19,-,0.75,5,0.97,5.5,3.3,북동,39,27.8,1007,-
2016,8,19,1,25.6,북북동,19,29.12,-,0.89,5,1.5,5,2.4,북동,40,27.9,1006.6,-
2016,8,19,2,15.3,북,7,29.13,-,0.79,5,1.3,5,3.9,북동,42,27.7,1006.2,-
2016,8,19,3,11,서북서,300,29.1,-,0.64,5.1,0.85,5,3.9,북북동,23,27.6,1006.2,-
2016,8,19,4,13.7,북북서,328,28.86,-,0.63,4.9,0.73,4.5,3.6,북,359,27.3,1005.9,-
2016,8,19,5,10,북,1,28.74,-,0.74,5.2,0.99,5.5,3.1,북북동,23,27.5,1006,-
2016,8,19,6,3,동,93,28.77,-,0.63,5.5,0.94,5.5,3.2,북북동,20,27.4,1006.4,-
2016,8,19,7,8.9,동남동,105,28.8,-,0.83,5.4,1.06,6,3.3,북북동,29,27.7,1006.5,-
2016,8,19,8,17.5,동,83,28.81,-,0.92,5.3,1.11,6,2,북북동,31,28.2,1006.7,-
2016,8,19,9,23.1,동,91,28.74,-,0.85,5.4,1.17,6,6.4,동북동,69,28.3,1006.8,-
2016,8,19,10,31.1,동,88,28.75,-,0.95,5.9,1.27,5.5,6.5,동북동,75,28.4,1007.1,-
2016,8,19,11,40.4,동북동,64,28.25,-,0.95,5.4,1.13,5,7.6,동북동,69,28.5,1007.1,-
2016,8,19,12,21.5,북동,41,28.18,-,0.91,5.3,1.25,6.5,7.4,동북동,71,28.4,1006.8,-
2016,8,19,13,28.6,북,356,28.58,-,0.83,5.3,1.18,4.5,7.2,동북동,67,28.5,1006.9,-
2016,8,19,14,24.4,서북서,294,28.86,-,0.61,5.7,0.81,4,7.6,북동,55,28.6,1006.7,-
2016,8,19,15,35.8,서북서,283,28.91,-,0.44,5.4,0.85,5.5,7.1,북동,48,28.5,1006.6,-
2016,8,19,16,30.8,서북서,284,28.81,-,0.51,5,0.64,4.5,7.4,북동,54,28.6,1006.5,-
2016,8,19,17,34.4,서,266,28.82,-,0.56,4.9,0.84,6,7.1,북동,44,28.6,1006.6,-
2016,8,19,18,30.8,서,274,28.67,-,0.49,4.8,0.66,5.5,6.1,북동,43,28.5,1006.3,-
2016,8,19,19,7,남서,231,28.57,-,0.52,5.5,0.71,5.5,5,북동,40,28.3,1006.5,-
2016,8,19,20,27.3,동남동,104,28.54,-,0.78,5.1,1.25,5,4.9,동북동,67,28.2,1006.7,-
2016,8,19,21,44.7,동,80,28.7,-,0.71,5,1.04,4.5,3.9,북동,48,28,1007.2,-
2016,8,19,22,64.5,동,81,28.59,-,0.76,4.8,0.97,4.5,2.6,북북동,22,27.8,1007.5,-
2016,8,19,23,63,동,83,28.47,-,0.65,4.8,1,4.5,3.7,북북동,17,27.7,1007.3,-
2016,8,20,0,47.2,동북동,75,28.34,-,0.75,5,0.96,5,3.3,북북동,31,27.7,1007.1,-
2016,8,20,1,21,북동,48,28.38,-,0.63,5.4,0.79,6.5,2.6,북북동,18,27.5,1007.1,-
2016,8,20,2,13,북동,39,28.3,-,0.45,5,0.63,3.5,3.7,북북동,17,27.4,1007.2,-
2016,8,20,3,9.3,북,4,28.22,-,0.48,5.1,0.73,4,3.2,북북동,22,27.4,1006.9,-
2016,8,20,4,18.9,서북서,300,28.48,-,0.49,5.1,0.65,5.5,3.5,북,359,27.4,1006.9,-
2016,8,20,5,20.9,서,279,28.25,-,0.48,5.1,0.64,5,2.6,북,359,27.3,1007.1,-
2016,8,20,6,12.5,서,279,28.25,-,0.5,4.9,0.86,4.5,3.1,북북동,25,27.2,1007.3,-
2016,8,20,7,7.9,북서,325,28.33,-,0.52,4.7,0.76,4.5,3.1,북북동,19,27.5,1007.3,-
2016,8,20,8,4.8,동,93,28.28,-,0.66,4.9,0.89,5.5,2.6,북북동,17,27.9,1007.2,-
2016,8,20,9,14.7,동,100,28.27,-,0.7,5,1.03,4.5,4.9,북동,56,28.2,1007,-
2016,8,20,10,26.9,동,93,28.35,-,0.77,5.1,1.08,4.5,7.8,동북동,69,28.3,1007.2,-
2016,8,20,11,20.8,동,87,28.4,-,0.8,4.9,1.25,4.5,8,동,80,28.2,1006.9,-
2016,8,20,12,30.4,북동,43,28.04,-,0.93,5,1.2,4.5,8.3,동북동,70,28.2,1006.7,-
2016,8,20,13,17.6,북북동,17,27.65,-,0.76,5,1.17,5.5,9.5,북동,54,28.2,1006.4,-
2016,8,20,14,19.4,북서,306,27.61,-,0.7,5.2,1,5,9.5,북동,44,28.4,1006,-
2016,8,20,15,34.1,서,274,28.1,-,0.62,5.5,0.92,5.5,8.7,북동,53,28.1,1005.6,-
2016,8,20,16,36.8,서,281,28.4,-,0.63,5.4,0.84,5,8.9,북동,48,28.4,1005.2,-
2016,8,20,17,21.9,서,273,28.51,-,0.63,5.5,0.82,5,7,북동,38,28.6,1004.9,-
2016,8,20,18,29.6,서,263,28.52,-,0.67,5.3,1.06,5.5,7,북동,38,28.4,1004.7,-
2016,8,20,19,32.7,서,260,28.33,-,0.73,5.4,1.14,6,7.3,북동,46,28.1,1004.6,-
2016,8,20,20,15.3,서북서,283,28.34,-,0.9,5.3,1.26,4.5,5,북동,45,28.2,1005.1,-
2016,8,20,21,18.8,동,92,28.28,-,1.02,5,1.53,4.5,3.9,동북동,73,27.8,1005.6,-
2016,8,20,22,29.4,동,89,28.31,-,0.92,5,1.36,4,3.2,북북동,25,27.5,1005.6,-
2016,8,20,23,37.6,동북동,62,28.29,-,1.02,5.3,1.41,5,3.6,북북동,14,27.5,1005.7,-
2016,8,21,0,20.5,동북동,68,28.27,-,0.79,5.2,1.27,5,3.6,북북동,27,27.3,1005.7,-
2016,8,21,1,29.7,동북동,63,28.2,-,0.82,5.6,1.21,8.5,2.3,북북동,16,27.3,1005.2,-
2016,8,21,2,25.2,북동,50,28.2,-,0.95,5.9,1.23,5.5,3.2,북북동,20,27.2,1004.9,-
2016,8,21,3,20.2,북동,47,28.19,-,0.82,5.7,1.09,5.5,3.2,북북동,29,27.2,1004.8,-
2016,8,21,4,13.8,북동,38,28.2,-,0.87,5.9,1.35,6,2.9,북북동,30,27.3,1004.9,-
2016,8,21,5,14.3,북,350,28.33,-,0.88,5.4,1.15,5.5,3.6,북동,36,27.4,1004.9,-
2016,8,21,6,4.6,북서,326,28.33,-,0.92,6,1.43,4.5,3.7,북동,36,27.5,1005.2,-
2016,8,21,7,5.9,북북동,23,28.32,-,0.93,5.6,1.62,5.5,3.4,북북동,28,27.5,1005.5,-
2016,8,21,8,8.9,동,92,28.26,-,0.84,5.1,1.26,4.5,4,북북동,29,27.8,1005.6,-
2016,8,21,9,26,동,85,28.34,-,1.09,5.7,1.42,6,5.2,북북동,29,28.5,1005.4,-
2016,8,21,10,16.7,동,91,28.77,-,0.9,5.6,1.29,4.5,3.9,북동,49,29.1,1005.4,-
2016,8,21,11,22.5,동,89,28.8,-,0.88,5.4,1.29,5.5,8.3,북동,54,28.7,1005.3,-
2016,8,21,12,22,동,85,28.81,-,0.98,5.2,1.26,6,8,동북동,64,28.9,1005.2,-
2016,8,21,13,19.1,북동,50,28.79,-,0.95,5.6,1.39,4.5,9.7,북동,55,28.6,1005.2,-
2016,8,21,14,17.7,북북동,17,28.76,-,0.81,5.7,1.14,4.5,9.3,북동,51,28.8,1005.1,-
2016,8,21,15,14.8,북서,317,28.87,-,0.82,6.1,1.05,5.5,8.5,북동,51,28.9,1004.7,-
2016,8,21,16,16.6,서북서,301,28.98,-,0.7,5.7,0.98,5,8.9,북동,48,28.7,1004.7,-
2016,8,21,17,26.1,서,279,28.95,-,0.63,4.9,0.81,4.5,8,북동,48,28.6,1004.8,-
2016,8,21,18,28.6,서,276,28.97,-,0.67,5.4,0.93,5,7.5,북동,47,28.7,1004.7,-
2016,8,21,19,20.4,서남서,253,28.91,-,0.64,5.1,1.07,5.5,6.2,북동,41,28.5,1005,-
2016,8,21,20,18.7,서,263,28.94,-,0.57,5.2,0.72,5.5,6.9,북동,41,28.4,1005.4,-
2016,8,21,21,5.3,북북동,21,28.9,-,0.76,5.2,1.03,4.5,4.2,북동,55,28.3,1006.2,-
2016,8,21,22,21.3,동남동,108,28.89,-,0.67,4.7,0.95,4.5,3.6,북동,45,28,1006.4,-
2016,8,21,23,28.2,동,96,28.98,-,0.75,5.7,1.11,5.5,3.9,동북동,77,28.2,1006.3,-
2016,8,21,0,20.5,동북동,68,28.27,-,0.79,5.2,1.27,5,3.6,북북동,27,27.3,1005.7,-
2016,8,21,1,29.7,동북동,63,28.2,-,0.82,5.6,1.21,8.5,2.3,북북동,16,27.3,1005.2,-
2016,8,21,2,25.2,북동,50,28.2,-,0.95,5.9,1.23,5.5,3.2,북북동,20,27.2,1004.9,-
2016,8,21,3,20.2,북동,47,28.19,-,0.82,5.7,1.09,5.5,3.2,북북동,29,27.2,1004.8,-
2016,8,21,4,13.8,북동,38,28.2,-,0.87,5.9,1.35,6,2.9,북북동,30,27.3,1004.9,-
2016,8,21,5,14.3,북,350,28.33,-,0.88,5.4,1.15,5.5,3.6,북동,36,27.4,1004.9,-
2016,8,21,6,4.6,북서,326,28.33,-,0.92,6,1.43,4.5,3.7,북동,36,27.5,1005.2,-
2016,8,21,7,5.9,북북동,23,28.32,-,0.93,5.6,1.62,5.5,3.4,북북동,28,27.5,1005.5,-
2016,8,21,8,8.9,동,92,28.26,-,0.84,5.1,1.26,4.5,4,북북동,29,27.8,1005.6,-
2016,8,21,9,26,동,85,28.34,-,1.09,5.7,1.42,6,5.2,북북동,29,28.5,1005.4,-
2016,8,21,10,16.7,동,91,28.77,-,0.9,5.6,1.29,4.5,3.9,북동,49,29.1,1005.4,-
2016,8,21,11,22.5,동,89,28.8,-,0.88,5.4,1.29,5.5,8.3,북동,54,28.7,1005.3,-
2016,8,21,12,22,동,85,28.81,-,0.98,5.2,1.26,6,8,동북동,64,28.9,1005.2,-
2016,8,21,13,19.1,북동,50,28.79,-,0.95,5.6,1.39,4.5,9.7,북동,55,28.6,1005.2,-
2016,8,21,14,17.7,북북동,17,28.76,-,0.81,5.7,1.14,4.5,9.3,북동,51,28.8,1005.1,-
2016,8,21,15,14.8,북서,317,28.87,-,0.82,6.1,1.05,5.5,8.5,북동,51,28.9,1004.7,-
2016,8,21,16,16.6,서북서,301,28.98,-,0.7,5.7,0.98,5,8.9,북동,48,28.7,1004.7,-
2016,8,21,17,26.1,서,279,28.95,-,0.63,4.9,0.81,4.5,8,북동,48,28.6,1004.8,-
2016,8,21,18,28.6,서,276,28.97,-,0.67,5.4,0.93,5,7.5,북동,47,28.7,1004.7,-
2016,8,21,19,20.4,서남서,253,28.91,-,0.64,5.1,1.07,5.5,6.2,북동,41,28.5,1005,-
2016,8,21,20,18.7,서,263,28.94,-,0.57,5.2,0.72,5.5,6.9,북동,41,28.4,1005.4,-
2016,8,21,21,5.3,북북동,21,28.9,-,0.76,5.2,1.03,4.5,4.2,북동,55,28.3,1006.2,-
2016,8,21,22,21.3,동남동,108,28.89,-,0.67,4.7,0.95,4.5,3.6,북동,45,28,1006.4,-
2016,8,21,23,28.2,동,96,28.98,-,0.75,5.7,1.11,5.5,3.9,동북동,77,28.2,1006.3,-
2016,8,22,0,36.4,동,92,28.81,-,0.75,5.1,1.1,4.5,3.4,북동,47,27.8,1006.2,-
2016,8,22,1,26.6,동,95,28.76,-,0.55,5.1,0.82,5,2.8,북동,42,27.8,1005.5,-
2016,8,22,2,33.6,동,87,28.78,-,0.61,5.3,0.81,5,3,북동,49,27.7,1005.4,-
2016,8,22,3,23.6,동,93,28.73,-,0.52,5.3,0.73,6,2.2,북북동,29,27.7,1005.6,-
2016,8,22,4,13.7,동,79,28.63,-,0.56,5.4,0.85,5,2.6,북북동,26,27.8,1005.4,-
2016,8,22,5,5.2,북북서,340,28.63,-,0.51,5.3,0.75,6,3.1,북,5,27.7,1005.7,-
2016,8,22,6,7.7,북서,317,28.69,-,0.6,5.1,0.86,5,4.2,북,0,27.7,1006.1,-
2016,8,22,7,7.3,서북서,292,28.7,-,0.53,5,0.7,5.5,4.1,북,10,28,1006.4,-
2016,8,22,8,6.1,서,268,28.66,-,0.51,4.8,0.73,4.5,4.2,북북동,13,28.4,1006.6,-
2016,8,22,9,6.4,남서,222,28.56,-,0.49,5,0.71,5,3.8,북북동,15,28.7,1006.6,-
2016,8,22,10,2.6,남서,219,28.65,-,0.41,4.3,0.52,4,6.8,북동,53,28.5,1006.5,-
2016,8,22,11,4.2,동남동,122,28.7,-,0.67,5.1,1.06,5,8,북동,50,28.3,1006.4,-
2016,8,22,12,8.9,동,93,28.77,-,0.63,4.8,0.96,4.5,8.3,북동,53,28.3,1005.9,-
2016,8,22,13,19.7,동,94,28.81,-,0.67,4.7,0.96,4.5,8.6,북동,52,28.4,1005.8,-
2016,8,22,14,25.4,동,81,28.83,-,0.69,4.9,1.31,4.5,8.9,동,91,28.7,1005.3,-
2016,8,22,15,7.3,북동,44,28.89,-,0.6,4.7,0.77,5.5,8.5,북동,47,28.5,1005,-
2016,8,22,16,8,북북서,333,28.9,-,0.58,4.6,0.83,5.5,9,북동,49,28.6,1005,-
2016,8,22,17,14.8,서,278,28.86,-,0.58,4.7,0.78,5.5,8.9,북동,46,28.4,1005.3,-
2016,8,22,18,15.2,서,275,28.88,-,0.6,4.5,0.91,5,9.3,북동,43,28.3,1005.4,-
2016,8,22,19,14.9,서,261,28.82,-,0.55,4.8,0.69,5,8.2,북동,45,28.1,1005.7,-
2016,8,22,20,14.6,서,267,28.64,-,0.65,4.7,0.91,5.5,6.2,북동,36,28,1006.1,-
2016,8,22,21,11.5,서,269,28.59,-,0.53,4.6,0.76,3.5,6.9,북동,38,28,1006.4,-
2016,8,22,22,6.3,서,265,28.55,-,0.65,4.8,0.83,4,6.3,북동,43,27.9,1006.2,-
2016,8,22,23,9,남동,129,28.66,-,0.61,4.6,0.7,4.5,4.2,동북동,77,27.8,1006.4,-
2016,8,23,0,15.7,동남동,112,28.59,-,0.68,4.7,0.98,4.5,2.6,북동,55,27.7,1006.7,-
2016,8,23,1,27.3,동남동,104,28.76,-,0.56,4.9,0.76,4,1.7,북동,52,27.5,1006.5,-
2016,8,23,2,28.1,동,84,28.78,-,0.63,4.7,0.8,4.5,2.3,북북동,25,27.4,1006.1,-
2016,8,23,3,20.7,동북동,77,28.78,-,0.59,5.3,1.17,4.5,2.8,북북동,29,27.3,1006.2,-
2016,8,23,4,11.3,동북동,64,28.76,-,0.62,4.8,1.04,5,2.7,북북동,24,27.3,1006.2,-
2016,8,23,5,5.4,서북서,300,28.73,-,0.57,5.1,0.76,4.5,2.4,북북동,24,27.3,1006.4,-
2016,8,23,6,13.1,서,263,28.66,-,0.48,5.1,0.69,4,3.6,북,4,27.2,1006.8,-
2016,8,23,7,15.3,서,261,28.6,-,0.51,4.8,0.61,6.5,3.4,북북동,16,27.3,1007,-
2016,8,23,8,13,남서,227,28.56,-,0.65,4.5,0.96,4.5,4.1,북동,44,26.8,1007.3,-
2016,8,23,9,11.2,서남서,255,28.56,-,0.56,4.4,1.01,3.5,4.6,북동,41,27.8,1007.5,-
2016,8,23,10,10.1,서,260,28.52,-,0.53,4.7,0.84,4.5,9.9,동북동,60,25.9,1007.8,-
2016,8,23,11,5.1,서북서,289,28.49,-,0.63,4.7,0.8,4.5,6.4,북동,54,27.5,1007.9,-
2016,8,23,12,8.5,동,93,28.57,-,0.6,4.3,0.95,4.5,7.2,동,82,28,1007.6,-
2016,8,23,13,14.3,동남동,105,28.68,-,0.51,4.4,0.8,4,6.4,동북동,73,27.9,1007.3,-
2016,8,23,14,18.9,동,101,28.8,-,0.68,4.8,0.83,4.5,7.1,동북동,74,27.8,1006.7,-
2016,8,23,15,15.3,동북동,63,28.62,-,0.71,4.6,1.16,5,7.4,동,81,27.8,1006.4,-
2016,8,23,16,11.7,북동,40,28.72,-,0.57,5,0.72,5,7.5,북동,52,27.8,1006.2,-
2016,8,23,17,7.6,북북서,341,28.67,-,0.54,5,0.79,5,7.8,북동,49,27.7,1006.3,-
2016,8,23,18,18,서북서,297,28.74,-,0.53,5.2,0.7,5,7.1,북동,41,27.6,1006.2,-
2016,8,23,19,14.2,서북서,298,29.02,-,0.59,4.6,1.22,4,6.8,북동,39,27.4,1006.1,-
2016,8,23,20,14.1,서,277,28.93,-,0.5,4.7,0.66,4.5,4.4,북북동,26,27.2,1006.6,-
2016,8,23,21,-,-,-,-,-,-,-,-,-,-,-,-,-,-,-
2016,8,23,22,3.7,서남서,240,28.84,-,0.67,5,0.85,5.5,4.1,북동,41,26.8,1007,-
2016,8,23,23,6.3,동남동,121,28.68,-,0.63,4.8,0.89,5,7.2,북동,51,27.3,1006.8,-
2016,8,24,0,7.7,남동,128,28.77,-,0.84,5.3,1.04,6,2.6,북동,35,26.9,1006.9,-
2016,8,24,1,15.8,동,101,28.73,-,0.93,4.8,1.55,4.5,3.6,북동,34,26.6,1006.8,-
2016,8,24,2,16.9,동,88,28.63,-,0.74,5,1,4,4,북동,36,26.5,1006.4,-
2016,8,24,3,21.2,동북동,72,28.39,-,0.81,5.2,1.42,4,4.5,북북동,18,26.3,1006.3,-
2016,8,24,4,15.7,북동,37,28.32,-,0.75,5.3,1.13,4.5,3.7,북북동,19,26.4,1006.3,-
2016,8,24,5,10.3,북동,39,28.42,-,0.78,5.3,1.06,4.5,3.3,북북동,31,26.3,1006.4,-
2016,8,24,6,6.8,북북서,344,28.43,-,0.7,5.6,1.15,5.5,3.7,북북동,30,26,1006.7,-
2016,8,24,7,7,서북서,292,28.29,-,0.75,5.6,1.17,5,3.9,북북동,30,26.5,1007,-
2016,8,24,8,13.5,서,264,28.3,-,0.76,6.1,1.1,5.5,4.2,북북동,12,26.9,1007.2,-
2016,8,24,9,19.1,서,263,28.17,-,0.7,5.6,1.41,5,7,북동,42,27.4,1007.2,-
2016,8,24,10,15.8,서,261,28.26,-,1,5.8,1.34,6,7.4,북동,48,27.4,1007.2,-
2016,8,24,11,6.5,서북서,282,28.29,-,0.71,5.7,0.9,5.5,8.8,북동,51,27.5,1006.9,-
2016,8,24,12,3.5,동북동,63,28.25,-,1.03,5.8,1.34,5,8.6,북동,48,27.4,1007,-
2016,8,24,13,7.9,동남동,117,28.31,-,1,5.6,1.4,6,8.5,동북동,68,27.6,1006.9,-
2016,8,24,14,15,동남동,107,28.33,-,0.88,5.4,1.14,5.5,8.3,북동,53,27.7,1006.6,-
2016,8,24,15,14.3,동,92,28.32,-,0.91,5.6,1.19,4.5,8.3,동,81,27.7,1006.2,-
2016,8,24,16,6.5,동남동,106,28.42,-,0.75,5.3,1.41,6,8.9,북동,47,27.7,1005.9,-
2016,8,24,17,2.8,동남동,101,28.36,-,0.7,5.7,0.97,6,9.1,북동,47,27.7,1006,-
2016,8,24,18,1,서북서,302,28.34,-,0.73,5.5,1.06,5,7.4,북동,40,27.6,1006.1,-
2016,8,24,19,6.1,북북동,12,28.36,-,0.67,5.8,0.96,5.5,6.5,북동,45,27.4,1006.3,-
2016,8,24,20,5.2,북동,42,28.32,-,0.66,5,0.97,5,5.2,북동,38,27.2,1007.1,-
2016,8,24,21,2.4,북,6,28.32,-,0.76,5,1.06,5.5,4.9,북동,34,27,1007.5,-
2016,8,24,22,7.4,북동,40,28.29,-,0.71,5,0.96,5,4.7,북동,38,26.8,1007.5,-
2016,8,24,23,7.4,북동,43,28.18,-,0.72,4.8,1.04,5,4,북동,53,26.7,1007.1,-
2016,8,25,0,9.3,북동,41,28.18,-,0.99,4.7,1.42,5,3.1,북북동,26,26.6,1006.7,-
2016,8,25,1,11,동,90,28.12,-,0.87,4.9,1.34,5,3.4,북동,43,26.7,1006.5,-
2016,8,25,2,11.3,동남동,104,28.13,-,0.73,5,1.01,5.5,3.2,북,8,26.5,1006.2,-
2016,8,25,3,14.9,동,86,28.19,-,0.77,5.2,1.1,5.5,3.9,북북동,19,26.4,1006.1,-
2016,8,25,4,13.5,동북동,64,28.2,-,0.62,5.4,0.87,6.5,2.6,북동,38,26.3,1005.8,-
2016,8,25,5,6.2,북동,40,28.21,-,0.51,5.4,0.83,5,2.7,북북동,22,26.5,1005.8,-
2016,8,25,6,6.8,북북동,23,28.13,-,0.5,5.7,0.83,6,2.7,북,8,26.5,1005.9,-
2016,8,25,7,8.6,북동,56,28.1,-,0.52,5.2,0.63,5,2.4,북북서,342,26.6,1006.4,-
2016,8,25,8,8.1,북북동,27,28.04,-,0.53,5.3,0.8,6,2.7,북동,34,27.4,1006.5,-
2016,8,25,9,8.6,북북동,30,27.98,-,0.58,5.2,0.73,5.5,3.5,동북동,65,27.7,1006.4,-
2016,8,25,10,5.9,동,86,28,-,0.69,5.4,0.85,6,4.1,동북동,64,27.7,1006.3,-
2016,8,25,11,3.7,남,186,28.08,-,0.58,4.8,0.87,4.5,4.5,동,91,27.9,1006.2,-
2016,8,25,12,17.4,서남서,253,28.22,-,0.44,4.7,0.57,5,3.6,동북동,70,27.7,1005.4,-
2016,8,25,13,7.1,서,265,28.23,-,0.44,4.8,0.67,4.5,3.1,동,98,27.8,1004.7,-
2016,8,25,14,9.9,북북동,17,28.35,-,0.81,5.7,1.09,5,2.7,남동,140,28,1004.4,-
2016,8,25,15,16.8,북동,45,28.34,-,0.61,5.1,0.82,5,3,남,180,28.3,1003.6,-
2016,8,25,16,17.8,동북동,58,28.41,-,0.6,5.1,0.84,5,4,남,186,28.4,1003.2,-
2016,8,25,17,22.2,동북동,58,28.45,-,0.51,5.4,0.79,4.5,5.1,남남서,204,28.5,1003.1,-
2016,8,25,18,12,북동,53,28.54,-,0.44,4.9,0.61,4.5,3.3,남서,216,28.9,1003.4,-
2016,8,25,19,15.8,북동,54,28.58,-,0.38,4.3,0.53,4,5.3,남서,220,28.6,1003.5,-
2016,8,25,20,16.2,동북동,67,28.53,-,0.29,4.3,0.39,4,3.6,남서,219,28.6,1003.7,-
2016,8,25,21,15,북동,49,28.55,-,0.32,4.2,0.45,6,2.2,남서,232,28.8,1004.2,-
2016,8,25,22,14.7,동북동,64,28.61,-,0.34,4,0.49,6,2.9,남서,236,28.8,1004.3,-
2016,8,25,23,10.5,동,89,28.59,-,0.32,4,0.49,5,2.9,서남서,246,28.8,1004,-
2016,8,26,0,4.2,동,97,28.3,-,0.29,4.7,0.46,4.5,2.9,서남서,252,28.8,1003.7,-
2016,8,26,1,4.6,동북동,74,28.25,-,0.27,4.4,0.37,5,2.9,서,269,28.6,1003.7,-
2016,8,26,2,3.1,남남동,168,28.32,-,0.27,3.6,0.48,4.5,2.2,서북서,296,28.7,1003.7,-
2016,8,26,3,8,남동,142,28.19,-,0.26,3.8,0.37,4.5,1.7,서북서,289,28.7,1003.5,-
2016,8,26,4,13.1,동,100,28.13,-,0.25,3.4,0.37,4.5,1.1,북서,312,28.3,1003.6,-
2016,8,26,5,10.1,동북동,71,28.29,-,0.24,3.9,0.33,3.5,1.1,북,9,28,1003.7,-
2016,8,26,6,3.7,동,87,28.22,-,0.2,4.7,0.32,5,6.4,북동,41,27.6,1004.6,-
2016,8,26,7,9.2,서,263,28.1,-,0.25,3.8,0.31,4.5,6.7,북동,43,27.4,1005.3,-
2016,8,26,8,17,서남서,257,27.78,-,0.48,3.9,0.71,3.5,9.4,북동,46,26.3,1005.9,-
2016,8,26,9,22.1,서,272,27.25,-,0.46,4.3,0.61,5,9.1,북동,37,24.4,1006.7,-
2016,8,26,10,28.7,서남서,254,26.98,-,0.46,4.7,0.66,3.5,9.4,북동,46,24.5,1007.5,-
2016,8,26,11,28.6,서,266,27.11,-,0.56,5.5,0.79,5,7.4,북동,37,24.4,1007.9,-
2016,8,26,12,26.7,서,266,27.19,-,0.69,5.4,1.01,6,9.6,북동,41,24.1,1007.8,-
2016,8,26,13,10.5,서,262,27.18,-,0.66,6,0.93,8,7,북동,37,23.1,1007.9,-
2016,8,26,14,10.3,남동,145,27.04,-,0.79,6.3,0.94,7.5,8.3,북동,38,22.4,1008,-
2016,8,26,15,22.5,남동,124,27.03,-,1.19,7.2,1.77,6,5.6,동북동,78,22.4,1008.2,-
2016,8,26,16,20.2,동남동,106,27.21,-,1.4,8.5,1.67,8.5,5.6,동북동,76,22.4,1008.5,-
2016,8,26,17,24.2,동,94,27.3,-,1.76,7.5,2.64,7.5,4.9,북동,52,21.6,1008.9,-
2016,8,26,18,16.2,동남동,102,27.27,-,1.36,7.2,1.67,8,5.6,북동,55,21.2,1009,-
2016,8,26,19,13.6,동,85,27.3,-,1.12,8.3,1.43,8.5,6.2,북북동,31,21.2,1009.1,-
2016,8,26,20,8,동북동,77,27.28,-,1.14,7.1,1.52,10.5,5.3,북동,35,21.7,1009.7,-
2016,8,26,21,6.5,동,82,27.27,-,0.96,6.5,1.61,7,4.4,북동,34,22.4,1010.2,-
2016,8,26,22,4.5,북동,36,27.27,-,0.76,5.7,0.99,6,5.1,북북동,33,23,1010.1,-
2016,8,26,23,5.4,북동,54,27.18,-,0.8,6.6,1.03,6.5,3.7,북북동,15,23.4,1010.2,-
2016,8,27,0,3.3,북,10,27.11,-,0.95,6.3,1.14,8,4.8,북북동,26,23.5,1010.1,-
2016,8,27,1,2.6,북동,53,27.02,-,0.77,6.4,1.2,5,4.2,북북동,25,23.5,1009.9,-
2016,8,27,2,1,동,87,26.94,-,0.92,6.9,1.34,7.5,3.7,북동,41,23.3,1009.4,-
2016,8,27,3,7.2,서북서,292,26.9,-,0.9,6.7,1.12,7,5.6,북북동,27,22.7,1009.4,-
2016,8,27,4,4,북서,317,26.83,-,0.94,6.2,1.36,4.5,3.5,북북동,18,23.3,1009.3,-
2016,8,27,5,1.6,북,353,26.79,-,1.04,6.4,1.48,6,5,북북동,29,23.4,1009.5,-
2016,8,27,6,3.1,북북동,20,26.72,-,0.94,6,1.38,6,4.6,북,10,23.3,1009.6,-
2016,8,27,7,6.6,북동,35,26.69,-,1.04,6.1,1.4,5,4.7,북동,35,23.5,1010,-
2016,8,27,8,4.6,북북동,19,26.8,-,1.02,5.8,1.25,5.5,3.9,북북동,31,23.9,1009.9,-
2016,8,27,9,10.4,서북서,282,26.76,-,0.93,5.9,1.21,6,10.1,북동,47,24.3,1009.7,-
2016,8,27,10,18.5,서남서,258,26.66,-,1.05,6.3,1.58,5.5,8.8,북동,40,24.5,1009.6,-
2016,8,27,11,18.9,서,262,26.66,-,0.75,5.6,0.98,5.5,8.6,북동,38,24.6,1009.4,-
2016,8,27,12,15.6,서,261,26.56,-,0.99,6.2,1.55,6.5,11.6,북동,51,24.4,1008.8,-
2016,8,27,13,12.6,남서,234,26.53,-,0.99,5.9,1.25,6.5,11,북동,50,24.4,1008.4,-
2016,8,27,14,6.4,남동,140,26.56,-,0.96,5.2,1.55,6,10.5,북동,52,24.4,1007.7,-
2016,8,27,15,5.6,서남서,243,26.51,-,0.85,6,1.5,7,9.4,북동,40,24.4,1007,-
2016,8,27,16,6.7,남동,142,26.58,-,0.91,5.5,1.21,5,9.6,북동,48,24.4,1006.7,-
2016,8,27,17,14.6,동남동,102,26.62,-,0.98,5.7,1.4,5,8.2,북동,44,24.3,1006.7,-
2016,8,27,18,20.8,동남동,105,26.71,-,1.05,5.8,1.33,5,7.6,동북동,71,24.4,1006.8,-
2016,8,27,19,23.9,동,91,26.63,-,1.04,6.1,1.34,6,5.2,동북동,68,24.3,1006.9,-
2016,8,27,20,23.4,동,81,26.62,-,0.97,5.8,1.52,4.5,5.3,동북동,62,24.2,1006.7,-
2016,8,27,21,13,동,93,26.61,-,1.16,6.6,1.9,6,5.7,동북동,63,24.6,1006.6,-
2016,8,27,22,7.9,동,79,26.6,-,1.04,6.1,1.32,6.5,9.4,북동,39,24.7,1005.5,-
2016,8,27,23,3,북,359,26.62,-,1.21,6.6,1.42,6,6,북동,47,24.9,1005.4,-
2016,8,28,0,0.2,북동,55,26.61,-,0.82,5.8,1.13,5.5,8.8,북동,44,24.9,1005,-
2016,8,28,1,5.1,북서,307,26.64,-,1.35,6.2,1.99,7,8.8,북동,44,25.1,1004.2,-
2016,8,28,2,7.7,서북서,302,26.61,-,1.34,5.5,2.07,6,7.2,북동,44,24.9,1003.6,-
2016,8,28,3,2,서북서,297,26.52,-,1.35,6.5,1.88,6.5,4.3,북북동,15,22.6,1003.5,-
2016,8,28,4,4.7,북,6,26.59,-,1.07,6.1,1.67,6,3.4,북북동,26,20.8,1003.2,-
2016,8,28,5,5.4,북동,53,26.51,-,1.64,6.7,2.52,6,4.7,북북동,33,19.6,1002.3,-
2016,8,28,6,5.9,동,79,26.44,-,1.39,6.7,1.69,6.5,5.5,북,1,19.5,1002.7,-
2016,8,28,7,4.7,남동,132,26.42,-,1.29,6.3,1.61,6.5,3.5,북북동,16,18.7,1002.5,-
2016,8,28,8,1.8,서,260,26.38,-,1.6,6.5,1.92,6,3,북,6,18.3,1002.7,-
2016,8,28,9,1.4,남남서,211,26.49,-,1.23,6.7,1.73,6,5.5,북북동,30,18.7,1002.8,-
2016,8,28,10,8.6,서북서,297,26.48,-,1.35,6.5,1.81,5.5,5.7,북북동,22,19.1,1002.3,-
2016,8,28,11,15.7,서,261,26.42,-,1.64,6.7,2.69,6.5,4.8,북북동,32,20.4,1000.5,-
2016,8,28,12,11.6,서,265,26.4,-,1.54,6.3,2.32,6,5.4,북,2,20.9,1000.4,-
2016,8,28,13,20.3,서남서,254,26.2,-,1.18,6.2,1.56,6.5,3.6,북,11,20.4,1000.1,-
2016,8,28,14,24.1,서남서,251,25.96,-,1.63,7.1,2.41,7,4.6,북북서,342,21.3,999.4,-
2016,8,28,15,4.9,남남서,206,26.09,-,1.51,7,2.11,6.5,3.9,북북동,14,21,999,-
2016,8,28,16,16.6,남,173,26.2,-,1.86,7.6,2.62,7.5,4.4,북,8,20.5,999,-
2016,8,28,17,12.6,남남동,157,26.31,-,1.95,7.8,2.35,7,6.2,북북동,13,20.7,999,-
2016,8,28,18,21.5,남동,125,26.24,-,1.89,7.9,2.55,7.5,4.9,북북동,19,20.5,999.4,-
2016,8,28,19,25.2,동남동,120,26.29,-,1.85,7.5,2.48,7.5,2.3,북북동,16,19.3,999.6,-
2016,8,28,20,33.6,동,101,26.33,-,1.59,7.7,2.06,7.5,3,북,1,20.1,1000.1,-
2016,8,28,21,31.7,동,95,26.23,-,1.82,8.1,2.47,7.5,2.1,북,352,20.4,999.9,-
2016,8,28,22,27,동남동,110,26.22,-,1.48,7.5,1.91,7,2.9,동북동,63,20.5,999.8,-
2016,8,28,23,15.2,동,86,26.21,-,1.56,8.1,2.28,7.5,2.3,북서,310,20.6,999.8,-
2016,8,29,0,11,동남동,107,26.12,-,1.64,8.5,1.99,8,2.3,북북동,20,20.6,999.2,-
2016,8,29,1,1.8,남남동,147,26.07,-,1.98,9.4,2.39,8.5,4.6,북서,317,20.7,999.2,-
2016,8,29,2,2.3,북서,312,26.02,-,1.42,8.1,1.6,7,4.9,북북서,342,20.6,999,-
2016,8,29,3,3.2,서,269,25.96,-,1.14,8,1.5,8,3.2,북북서,344,20.6,999.1,-
2016,8,29,4,1.9,동북동,67,25.89,-,1.45,8.3,1.84,8.5,1.3,북,358,20.9,999,-
2016,8,29,5,4,동남동,104,25.87,-,0.97,7.7,1.26,8,2.9,북북서,331,21.1,999,-
2016,8,29,6,9,동남동,107,25.79,-,1.06,8.1,1.35,7,3.2,서북서,299,21.1,999.5,-
2016,8,29,7,17.1,동남동,114,25.77,-,1.19,7.7,1.49,8.5,4.3,북서,317,20,999.9,-
2016,8,29,8,14.3,동남동,106,25.91,-,0.92,6.8,1.25,8.5,3.1,북서,307,20.6,1000.3,-
2016,8,29,9,16.6,동남동,111,26.1,-,1.06,7.1,1.39,6.5,3.4,서북서,294,21.5,1000.7,-
2016,8,29,10,16.8,동,95,25.88,-,1.09,7.2,1.4,8,3.3,서북서,283,21.9,1000.7,-
2016,8,29,11,5.6,북동,41,25.89,-,1.02,6.7,1.25,6.5,4.5,북북서,330,22.9,1000.1,-
2016,8,29,12,9.3,서,278,25.81,-,1,7,1.37,6.5,4.2,북서,314,23.6,999.6,-
2016,8,29,13,15.1,서남서,258,25.81,-,0.86,6.6,1.16,6,4.2,서북서,290,24.2,999.1,-
2016,8,29,14,17.9,서남서,239,25.81,-,0.81,7.3,1.04,9.5,4.7,북서,309,24.3,998.9,-
2016,8,29,15,16.6,서남서,248,25.84,-,0.67,5.8,0.96,5.5,4.8,북북서,336,24.4,998.5,-
2016,8,29,16,6.6,서남서,237,25.91,-,0.74,7.6,1,7,4.8,북북서,341,24.9,998.1,-
2016,8,29,17,12.1,남동,130,25.87,-,0.94,7.6,1.27,8,3.3,북서,311,25,998.4,-
2016,8,29,18,15.8,동남동,123,25.81,-,0.89,7.5,1.14,9.5,2.9,북,4,24.6,998.6,-
2016,8,29,19,26.7,남동,129,25.83,-,0.92,9.1,1.2,11,3.9,북북서,338,24.2,998.5,-
2016,8,29,20,33.1,동남동,105,25.74,-,0.97,8.6,1.35,12,2.3,북북서,340,24.1,998.9,-
2016,8,29,21,34,동,92,25.7,-,1.11,10.2,1.32,8.5,2.1,서북서,292,23.8,998.8,-
2016,8,29,22,33.4,동,92,25.67,-,1.13,10.9,1.25,11,2,북서,315,23.2,998.7,-
2016,8,29,23,25.9,동,84,25.64,-,1.04,9.4,1.32,11.5,1.7,북북서,337,22.7,998.3,-
2016,8,30,0,14.9,동북동,69,25.63,-,0.83,8.3,1.01,9.5,1.3,서북서,300,22.5,998.2,-
2016,8,30,1,16.4,동북동,61,25.63,-,0.8,8.7,1.39,6,3.5,북서,306,22.7,997.3,-
2016,8,30,2,3.5,북북동,12,25.57,-,0.86,9.1,1.28,8,2.3,북북서,341,22.1,996.3,-
2016,8,30,3,7,북,359,25.56,-,0.7,8.7,0.93,7,2.1,서북서,300,22.2,996.1,-
2016,8,30,4,7.2,북북동,23,25.55,-,0.64,8.3,0.77,4.5,1.5,북서,312,22.1,995.7,-
2016,8,30,5,7.8,북북동,23,25.56,-,0.7,8.6,0.87,8.5,2.3,서,280,21.9,995.3,-
2016,8,30,6,11.2,동북동,71,25.51,-,0.69,7.8,0.91,7,4.2,서북서,298,22,994.8,-
2016,8,30,7,13.3,북동,54,25.46,-,0.68,8,0.97,7,2.2,서,271,21.9,994.8,-
2016,8,30,8,23.8,동,93,25.5,-,0.6,6.4,0.79,6.5,6.4,서,265,22.8,994.1,-
2016,8,30,9,25.9,동,92,25.55,-,0.68,7.5,1,6,6.2,서,275,23.3,993.7,-
2016,8,30,10,21.7,동북동,77,25.46,-,0.64,6.9,0.83,7.5,3.9,서북서,291,24,993.4,-
2016,8,30,11,7.9,동북동,60,25.5,-,0.71,7.7,1.14,6,8,서북서,283,24.5,992.6,-
2016,8,30,12,1.8,남,189,25.59,-,0.75,7.3,0.93,4.5,5.9,서북서,295,25.2,991.9,-
2016,8,30,13,13,서북서,298,25.58,-,0.8,6.6,0.96,7.5,9.2,서,263,25,991.3,-
2016,8,30,14,16.3,서북서,285,25.62,-,0.79,6.8,1.12,5.5,8.6,서북서,291,24.7,990.9,-
2016,8,30,15,16.1,서,267,25.61,-,0.66,6,0.91,6.5,8.7,서북서,292,24.7,990.6,-
2016,8,30,16,9.5,서북서,286,25.52,-,0.68,7.6,0.8,11,6.3,서북서,286,24.5,990.2,-
2016,8,30,17,17,동남동,109,25.54,-,0.65,7.3,0.9,7,7.6,서,271,24.8,990,-
2016,8,30,18,30.8,동남동,120,25.55,-,0.81,8.5,1.02,10.5,5.2,서,276,25.1,989.9,-
2016,8,30,19,45.2,동남동,101,25.45,-,0.87,7.5,1.22,9,8,서,266,25.1,989.6,-
2016,8,30,20,48.6,동,100,25.43,-,0.9,7.1,1.11,8,7.5,서,269,24.8,990,-
2016,8,30,21,48.6,동,93,25.45,-,0.81,6.5,1.24,5.5,8.9,서북서,282,24.4,990.4,-
2016,8,30,22,32.1,동,88,25.43,-,1.05,6.9,1.68,8,8.1,서북서,282,24.1,990.6,-
2016,8,30,23,29.1,동,92,25.33,-,1.43,7.3,1.75,9,8.1,서북서,290,24,990.6,-
2016,8,31,0,16.1,동,91,25.29,-,1.24,7.3,1.38,7,7.4,서북서,284,23.9,990.6,-
2016,8,31,1,10.5,동북동,61,25.29,-,1.08,6.9,1.59,6.5,9.7,서,268,23.6,990.5,-
2016,8,31,2,3.6,북,3,25.31,-,0.87,5.7,1.08,5.5,7.3,서남서,258,23.3,990.7,-
2016,8,31,3,2.5,북,9,25.27,-,0.86,7.3,1.24,5.5,8.9,서,262,23.5,990.4,-
2016,8,31,4,5.8,동북동,59,25.24,-,1.05,6.2,1.43,6,9,서남서,251,23.6,990.2,-
2016,8,31,5,10.7,북동,53,25.22,-,1.08,6.3,1.53,7,9,서남서,240,23.5,990.1,-
2016,8,31,6,18.9,동,89,25.1,-,0.96,6.3,1.29,6.5,9.5,남서,235,23.3,990.5,-
2016,8,31,7,23.8,동,99,25.09,-,1.22,6.9,1.55,7,10.2,서남서,243,23.6,990.9,-
2016,8,31,8,29.7,동,94,25.18,-,1.52,7,1.82,6.5,11.6,서남서,246,23.9,991.4,-
2016,8,31,9,36.9,동,92,25.13,-,1.34,6.2,1.89,7.5,12.2,서남서,254,24.2,991.7,-
2016,8,31,10,37.5,동,85,25.11,-,1.31,6.8,2.08,6,13.3,남서,234,24.4,992.2,-
2016,8,31,11,28.2,동,87,25.13,-,1.3,6.1,1.91,6.5,10.9,서남서,242,24.9,992.6,-
2016,8,31,12,6.6,북동,45,25.07,-,1.21,5.9,1.51,6.5,12.6,서남서,242,25.9,992.4,-
2016,8,31,13,7.5,북서,305,25,-,1.14,5.9,1.71,6.5,11.1,서남서,239,26.7,992.4,-
2016,8,31,14,18.6,북서,305,24.69,-,1.26,5.6,1.75,4.5,9.8,서남서,241,27,992.3,-
2016,8,31,15,26.2,서,272,24.6,-,1.26,6.4,1.66,7,9.9,서남서,245,27.6,992.4,-
2016,8,31,16,28.7,서남서,255,24.02,-,1.23,7,1.82,7.5,7.8,서남서,255,28.4,993.3,-
2016,8,31,17,31.6,서남서,255,24.45,-,1.33,7.4,1.96,6.5,10,서남서,258,28.1,994.1,-
2016,8,31,18,8.8,서북서,300,23.98,-,0.95,5.7,1.12,6.5,8.9,서남서,239,27.9,994.9,-
2016,8,31,19,14.1,동,87,23.87,-,1.07,6.1,1.34,7,9.7,서남서,250,27.4,995.9,-
2016,8,31,20,21.2,북동,36,24.2,-,1.1,6.7,1.57,6.5,8.1,서남서,239,26.4,996.9,-
2016,8,31,21,32.2,동,79,24.46,-,1.29,5.7,1.75,6,8.6,서남서,243,26.5,997.8,-
2016,8,31,22,23.8,동북동,69,24.42,-,1.45,6.8,1.78,8,7.4,서남서,237,26.2,998.5,-
2016,8,31,23,28,동북동,79,24.37,-,1.45,5.9,1.82,5.5,8.5,서남서,246,25.8,999,-